fault_bus,fault_type,fault_R_ohm,Va_mag_pu,Va_ang_deg,Vb_mag_pu,Vb_ang_deg,Vc_mag_pu,Vc_ang_deg,Ia_mag_A,Ia_ang_deg,Ib_mag_A,Ib_ang_deg,Ic_mag_A,Ic_ang_deg,rfi_id,monitor_bus,der_pct
318412,SLG,0,0.131045,-112.1437,1.04742,-149.8912,1.04694,89.7557,942307.4202,-112.1581,2139.9249,31.5533,1549.2452,-93.6579,1,318412,50
318412,SLG,0,0.141522,-115.0455,1.064837,-149.7192,1.045868,90.7404,1185.7571,79.3651,2139.9249,31.5533,1549.2452,-93.6579,2,243937,50
318412,SLG,0,0.148687,-111.5167,1.070963,-148.8306,1.04065,91.1072,1.1424,-76.1163,2.2272,-160.1938,2.6059,45.6595,3,157347,50
318412,SLG,0,0.17318,-103.7007,1.095642,-146.3091,1.029918,92.5108,1186.9441,79.3824,2143.2378,31.5252,1552.4439,-93.7394,4,298162,50
318412,SLG,0,0.176518,-102.7304,1.098553,-145.9814,1.028314,92.6621,1186.9441,79.3824,2143.2378,31.5252,1552.4439,-93.7394,5,165448,50
318412,SLG,0,0.212521,-94.8156,1.128125,-142.7589,1.009156,94.1839,1186.9441,79.3824,2146.2403,31.4901,1552.4439,-93.7394,6,165449,50
318412,SLG,0,0.243516,-91.5098,1.162228,-140.9684,1.008554,95.0742,0.3061,-118.934,1.3887,-168.4692,1.3629,67.7508,7,287274,50
318412,SLG,0,0.266385,-88.7158,1.182287,-139.2436,0.998508,96.0101,4.3068,-69.0127,7.8615,-156.5847,9.1225,51.5591,8,283954,50
318412,SLG,0,0.266318,-88.726,1.182138,-139.2434,0.998355,96.0148,4.3068,-69.0127,7.8615,-156.5847,9.1225,51.5591,9,283956,50
318412,SLG,0,0.368224,-85.4904,1.317719,-136.0335,1.035194,97.7858,12.4407,-112.9547,36.3029,-163.8492,39.6583,70.3551,10,189963,50
318412,SLG,0,0.385784,-84.366,1.334634,-134.9614,1.028363,98.5033,10.362,-67.6166,19.0662,-156.2452,20.618,54.4756,11,181977,50
318412,SLG,0,0.425931,-82.0161,1.374953,-132.6469,1.016315,100.1183,0.0,8.1088,0.0,-42.6131,0.0,-169.8606,12,181924,50
318412,SLG,0,0.442476,-81.0003,1.390546,-131.7112,1.010501,100.6847,744.0085,82.6544,1257.3159,32.2473,870.3613,-97.4507,13,181993,50
318412,SLG,0,0.458964,-79.9904,1.40694,-130.845,1.00778,101.1792,737.4674,84.4874,1238.1953,35.6851,854.5534,-93.8711,14,181994,50
318412,SLG,0,0.452138,-80.9538,1.403531,-131.1529,1.008863,101.5385,8.5108,-108.37,25.2141,-158.866,16.2305,74.2405,15,181891,50
318412,SLG,0,0.491992,-78.7699,1.444594,-129.618,1.010656,101.8598,0.0,12.7468,0.0,-38.8402,0.0,-167.9833,16,255335,50
318412,SLG,0,0.491992,-78.7699,1.444594,-129.618,1.010656,101.8598,0.0,11.2279,0.0,-39.6372,0.0,-168.1381,17,182030,50
318412,LL,0,0.130775,-112.3285,0.130769,128.0449,1.04537,89.9258,940594.4825,-112.3088,941057.9435,128.0053,1558.2752,-87.1446,1,318412,50
318412,LL,0,0.132039,-116.3194,0.140417,130.7314,1.053773,90.7215,980.2548,48.3693,775.769,5.1155,1558.2752,-87.1446,2,243937,50
318412,LL,0,0.140278,-115.5022,0.137934,134.4847,1.051153,91.3547,1.431,-117.9261,0.6897,-125.7931,2.1164,59.5172,3,157347,50
318412,LL,0,0.163917,-113.9996,0.136939,145.8724,1.049627,93.393,981.8188,48.387,776.2592,5.1409,1561.1911,-87.2105,4,298162,50
318412,LL,0,0.167156,-113.7572,0.136883,147.3955,1.049076,93.6416,981.8188,48.387,776.2592,5.1409,1561.1911,-87.2105,5,165448,50
318412,LL,0,0.19978,-111.9183,0.141517,162.5391,1.042029,96.1707,981.8188,48.387,776.4879,5.1127,1561.1911,-87.2105,6,165449,50
318412,LL,0,0.225703,-111.6036,0.153779,171.3856,1.049573,97.6895,0.2837,-139.0276,0.2018,144.0226,1.3116,70.2561,7,287274,50
318412,LL,0,0.244699,-110.8354,0.163402,178.2919,1.047524,99.1765,5.1637,-112.4244,2.6056,-122.4356,7.7429,64.2219,8,283954,50
318412,LL,0,0.244604,-110.8412,0.16339,178.2751,1.047385,99.1791,5.1637,-112.4244,2.6056,-122.4356,7.7429,64.2219,9,283956,50
318412,LL,0,0.326995,-111.7081,0.224653,-168.9939,1.106588,102.3556,11.0478,-139.172,6.7998,163.3373,40.5961,74.8698,10,189963,50
318412,LL,0,0.340839,-111.3304,0.23578,-166.2367,1.106832,103.4203,11.9385,-110.4154,6.2516,-124.4489,18.0073,65.739,11,181977,50
318412,LL,0,0.372975,-110.4309,0.262437,-160.7963,1.110363,105.7993,0.0,-20.3034,0.0,-70.7943,0.0,-164.1599,12,181924,50
318412,LL,0,0.386313,-109.9745,0.273356,-158.6922,1.111023,106.7391,634.906,50.5917,471.785,10.7744,929.0658,-88.7404,13,181993,50
318412,LL,0,0.399948,-109.4476,0.284135,-156.7759,1.113718,107.5925,628.091,52.4384,469.2463,12.5978,914.5279,-85.0108,14,181994,50
318412,LL,0,0.393494,-110.1082,0.282109,-158.0161,1.114364,107.5537,7.407,-137.5242,5.569,174.4124,16.3805,80.1488,15,181891,50
318412,LL,0,0.427152,-108.9506,0.306182,-154.2013,1.126395,108.8517,0.0,-17.5751,0.0,-62.6025,0.0,-160.8087,16,255335,50
318412,LL,0,0.427152,-108.9506,0.306182,-154.2013,1.126395,108.8517,0.0,-18.9405,0.0,-64.2364,0.0,-161.1498,17,182030,50
318412,LL,0,0.504886,-109.1797,0.36999,-150.9432,1.186828,110.831,633.6985,-127.4655,473.6752,-167.2976,925.2488,94.7458,18,182153,50
318412,LL,0,0.531023,-109.1128,0.392296,-149.7658,1.203559,111.6973,634.3854,52.5246,474.1814,12.6917,929.5473,-85.3055,19,182158,50
318412,LL,0,0.556548,-109.027,0.414352,-148.6767,1.219509,112.5691,639.6156,52.7165,476.6326,13.0191,937.9249,-85.5462,20,182162,50
318412,3LG,0,0.130526,-112.1428,0.130527,127.8573,0.130527,7.857,939336.1171,-112.1435,939333.1921,127.8566,939337.6178,7.8565,1,318412,50
318412,3LG,0,0.131198,-111.6323,0.13122,128.3897,0.131176,8.3782,397.0275,69.4374,401.0056,-50.5777,395.6116,-170.9047,2,243937,50
318412,3LG,0,0.131678,-110.841,0.131689,129.1945,0.131646,9.1616,0.3387,-138.5446,0.3389,101.4544,0.3388,-18.5717,3,157347,50
318412,3LG,0,0.133816,-108.326,0.133815,131.7532,0.133751,11.6578,397.4734,69.4035,401.4583,-50.6118,396.0696,-170.9392,4,298162,50
318412,3LG,0,0.134088,-108.0209,0.134084,132.0634,0.134018,11.9601,397.4734,69.4035,401.4583,-50.6118,396.0696,-170.9392,5,165448,50
318412,3LG,0,0.136559,-105.0877,0.136534,135.0529,0.13643,14.8696,397.4734,69.4035,401.8602,-50.6367,396.0696,-170.9392,6,165449,50
318412,3LG,0,0.140873,-103.4646,0.140879,136.7077,0.140691,16.4771,0.1771,-130.8893,0.1849,109.3445,0.1896,-10.8502,7,287274,50
318412,3LG,0,0.142627,-101.8662,0.142626,138.3395,0.142391,18.062,1.2066,-129.7183,1.2101,110.2989,1.2087,-9.8528,8,283954,50
318412,3LG,0,0.142604,-101.8643,0.142604,138.3414,0.142368,18.0639,1.2066,-129.7183,1.2101,110.2989,1.2087,-9.8528,9,283956,50
318412,3LG,0,0.162464,-99.1289,0.162489,141.115,0.161906,20.7401,5.489,-126.594,4.9184,113.4457,6.5286,-6.6293,10,189963,50
318412,3LG,0,0.163953,-98.1239,0.163961,142.1291,0.163371,21.7345,2.7706,-125.9798,2.9972,114.0509,2.775,-6.1824,11,181977,50
318412,3LG,0,0.167839,-95.8997,0.167745,144.333,0.167232,23.917,0.0,-5.8035,0.0,-125.6206,0.0,114.0013,12,181924,50
318412,3LG,0,0.169366,-95.0171,0.169218,145.1997,0.16876,24.7773,236.9476,68.9474,235.2048,-50.8691,235.2934,-171.381,13,181993,50
318412,3LG,0,0.171381,-94.1877,0.171174,146.0144,0.170767,25.5849,234.5228,71.1573,232.7779,-48.6449,232.8583,-169.1646,14,181994,50
318412,3LG,0,0.17036,-94.379,0.170187,145.8287,0.16979,25.4131,3.2068,-121.7955,3.3596,118.2571,2.7438,-1.8797,15,181891,50
318412,3LG,0,0.176661,-93.0975,0.176341,147.0844,0.176014,26.6412,0.0,-2.3966,0.0,-122.0038,0.0,117.1252,16,255335,50
318412,3LG,0,0.176661,-93.0975,0.176341,147.0844,0.176014,26.6412,0.0,-3.1123,0.0,-122.9335,0.0,116.6484,17,182030,50
318412,3LG,0,0.19587,-91.9581,0.195316,148.2036,0.195072,27.727,236.2077,-108.9315,235.3854,131.2209,234.6901,10.7423,18,182153,50
318412,3LG,0,0.201563,-91.397,0.20094,148.7572,0.200738,28.2713,236.4574,71.0579,235.6454,-48.7901,235.4726,-169.2915,19,182158,50
318412,3LG,0,0.206993,-90.8335,0.206301,149.3137,0.206142,28.8187,237.998,70.9917,237.1986,-48.8606,237.016,-169.3566,20,182162,50
243937,SLG,0,0.015082,-53.5139,1.350043,175.9486,1.734498,104.6811,108002.9524,-52.7023,2994.9408,6.081,2339.9814,-64.3729,2,243937,50
243937,SLG,0,0.035168,-78.3285,1.357519,177.2634,1.721175,105.4163,2.4991,-66.7339,2.5221,179.1951,2.7322,55.8267,3,157347,50
243937,SLG,0,0.095907,-92.0799,1.393188,-179.0824,1.695404,107.8814,1641.8281,57.7137,2998.7538,6.0569,2343.0297,-64.4622,4,298162,50
243937,SLG,0,0.104476,-92.2425,1.397239,-178.603,1.691214,108.1792,1641.8281,57.7137,2998.7538,6.0569,2343.0297,-64.4622,5,165448,50
243937,SLG,0,0.192039,-93.3729,1.441606,-173.8759,1.646497,111.2967,1641.8281,57.7137,3002.3614,6.0168,2343.0297,-64.4622,6,165449,50
243937,SLG,0,0.254356,-94.7944,1.493481,-171.1915,1.638302,113.3058,0.3197,-122.2178,1.7844,161.3075,2.0093,85.8444,7,287274,50
243937,SLG,0,0.304787,-94.7078,1.526689,-168.7252,1.617269,115.2298,8.5899,-60.1686,8.8722,-177.4758,9.0872,59.6574,8,283954,50
243937,SLG,0,0.304683,-94.7315,1.526522,-168.726,1.617136,115.2337,8.5899,-60.1686,8.8722,-177.4758,9.0872,59.6574,9,283956,50
243937,SLG,0,0.484238,-97.8166,1.73469,-163.8323,1.666453,119.95,16.3602,-125.2801,47.79,168.3517,61.1353,92.4637,10,189963,50
243937,LL,0,0.031808,-70.1074,0.024701,121.3243,1.495357,85.7265,228913.9402,-69.8797,177574.8598,121.0349,2374.6951,-91.181,2,243937,50
243937,LL,0,0.038188,-84.6122,0.02452,148.4771,1.493346,86.4438,1.7728,-120.222,1.6906,-122.8678,3.4624,58.4865,3,157347,50
243937,LL,0,0.061646,-107.0447,0.046097,-169.3824,1.496886,88.6867,916.001,25.8964,936.357,14.9381,2379.2744,-91.245,4,298162,50
243937,LL,0,0.065496,-108.5145,0.049772,-166.388,1.496821,88.9651,916.001,25.8964,936.357,14.9381,2379.2744,-91.245,5,165448,50
243937,LL,0,0.105923,-117.6043,0.091268,-151.0721,1.494623,91.7869,916.001,25.8964,936.5539,14.9336,2379.2744,-91.245,6,165449,50
243937,LL,0,0.136054,-121.6831,0.123547,-148.014,1.511508,93.4669,0.171,-149.1062,0.1622,-175.3757,1.8538,66.0057,7,287274,50
243937,LL,0,0.160303,-123.092,0.148934,-145.4962,1.513678,95.0985,5.5888,-115.3156,5.5178,-118.5767,11.1022,63.0642,8,283954,50
243937,LL,0,0.160206,-123.1074,0.148857,-145.5237,1.513475,95.1007,5.5888,-115.3156,5.5178,-118.5767,11.1022,63.0642,9,283956,50
243937,LL,0,0.25147,-128.8549,0.245347,-144.9454,1.617102,98.54,8.4961,-156.3178,7.4263,-172.613,59.3247,71.0542,10,189963,50
243937,LL,0,0.269418,-129.0635,0.264183,-144.1956,1.621777,99.6757,10.1703,-113.4541,10.1183,-119.0831,20.0683,64.5551,11,181977,50
243937,LL,0,0.310413,-129.2165,0.306969,-142.6286,1.63627,102.1965,0.0,-39.0541,0.0,-52.5752,0.0,-167.7529,12,181924,50
243937,LL,0,0.327536,-129.0646,0.324589,-141.8841,1.64115,103.196,597.6157,29.7651,597.5258,20.025,1404.772,-92.101,13,181993,50
243937,LL,0,0.344376,-128.7356,0.34169,-141.0681,1.648526,104.1017,591.2874,31.4097,592.174,21.6838,1383.5148,-88.4563,14,181994,50
243937,LL,0,0.33686,-129.6767,0.335273,-142.1936,1.648625,104.0018,6.3409,-157.0924,6.6185,-169.7645,24.2338,76.5969,15,181891,50
243937,LL,0,0.376351,-128.5962,0.374298,-140.2168,1.673107,105.4332,0.0,-36.9473,0.0,-48.6255,0.0,-164.3035,16,255335,50
243937,LL,0,0.376351,-128.5962,0.374298,-140.2168,1.673107,105.4332,0.0,-38.5744,0.0,-50.2016,0.0,-164.5413,17,182030,50
243937,LL,0,0.462417,-129.5467,0.462269,-140.0026,1.775804,107.5122,595.4736,-148.4284,597.9934,-158.1901,1396.8554,91.3661,18,182153,50
243937,LL,0,0.49243,-129.7077,0.493086,-139.8012,1.805881,108.4084,596.084,31.5626,598.631,21.8002,1403.2941,-88.6844,19,182158,50
243937,3LG,0,0.032458,-95.1188,0.032458,144.8809,0.032457,24.882,233584.1246,-95.1192,233580.6922,144.8804,233581.4644,24.8817,2,243937,50
243937,3LG,0,0.032577,-94.3281,0.032574,145.6856,0.032574,25.6655,0.0838,-122.0421,0.0838,117.9536,0.0838,-2.0656,3,157347,50
243937,3LG,0,0.033106,-91.8147,0.0331,148.2439,0.033094,28.1617,98.3046,85.8988,99.2996,-34.1298,97.9718,-154.4352,4,298162,50
243937,3LG,0,0.033173,-91.5098,0.033167,148.5541,0.03316,28.464,98.3046,85.8988,99.2996,-34.1298,97.9718,-154.4352,5,165448,50
243937,3LG,0,0.033784,-88.5786,0.033774,151.5431,0.033756,31.3738,98.3046,85.8988,99.399,-34.1546,97.9718,-154.4352,6,165449,50
243937,3LG,0,0.034851,-86.957,0.034849,153.1975,0.03481,32.9814,0.0438,-114.3817,0.0457,125.8343,0.0469,5.6541,7,287274,50
243937,3LG,0,0.035285,-85.3597,0.035282,154.829,0.035231,34.5665,0.2985,-113.2182,0.2994,126.7957,0.299,6.6509,8,283954,50
243937,3LG,0,0.035279,-85.3578,0.035276,154.8309,0.035225,34.5684,0.2985,-113.2182,0.2994,126.7957,0.299,6.6509,9,283956,50
243937,3LG,0,0.040191,-82.6254,0.040196,157.6031,0.040058,37.2452,1.3579,-110.0904,1.2167,129.9338,1.6153,9.8757,10,189963,50
243937,3LG,0,0.040559,-81.6209,0.04056,158.6169,0.04042,38.2398,0.6855,-109.4812,0.7414,130.5456,0.6865,10.3198,11,181977,50
243937,3LG,0,0.04152,-79.398,0.041497,160.8203,0.041375,40.4226,0.0,10.6709,0.0,-109.1448,0.0,130.4134,12,181924,50
243937,3LG,0,0.041897,-78.516,0.041862,161.6867,0.041753,41.283,58.602,85.442,58.177,-34.3863,58.2004,-154.8764,13,181993,50
243937,3LG,0,0.042396,-77.6871,0.042346,162.5012,0.042249,42.0908,58.0019,87.6525,57.5765,-32.1618,57.5979,-152.6594,14,181994,50
243937,3LG,0,0.042143,-77.878,0.042102,162.3155,0.042008,41.9191,0.7933,-105.2944,0.8311,134.7439,0.6788,14.6262,15,181891,50
243937,3LG,0,0.043701,-76.5976,0.043624,163.5708,0.043547,43.1472,0.0,14.2392,0.0,-105.4993,0.0,133.7789,16,255335,50
243937,3LG,0,0.043701,-76.5976,0.043624,163.5708,0.043547,43.1472,0.0,13.4214,0.0,-106.4242,0.0,133.1653,17,182030,50
243937,3LG,0,0.048452,-75.4595,0.048318,164.6893,0.048261,44.2336,58.4187,-92.4364,58.2215,147.704,58.0511,27.2474,18,182153,50
243937,3LG,0,0.049859,-74.8989,0.04971,165.2427,0.049662,44.7781,58.4805,87.553,58.2859,-32.307,58.2447,-152.7863,19,182158,50
243937,3LG,0,0.051202,-74.3359,0.051036,165.7989,0.050999,45.3257,58.8616,87.4868,58.6701,-32.3774,58.6265,-152.8515,20,182162,50
157347,SLG,0,0.005463,-81.478,1.272943,-170.0967,1.420686,104.4884,39333.0817,-81.4771,2.5631,-172.187,2.8544,56.2559,3,157347,50
157347,SLG,0,0.426305,-24.919,1.156833,-164.8162,1.354943,100.3623,1250.369,119.9531,2336.0468,9.6253,2055.0852,-80.8566,4,298162,50
157347,SLG,0,0.427791,-25.1021,1.160785,-164.5217,1.354223,100.6033,1250.369,119.9531,2336.0468,9.6253,2055.0852,-80.8566,5,165448,50
157347,SLG,0,0.44125,-27.0395,1.200606,-161.6576,1.344824,103.0519,1250.369,119.9531,2339.3015,9.5957,2055.0852,-80.8566,6,165449,50
157347,SLG,0,0.456886,-28.6448,1.241783,-160.1269,1.35449,104.5163,0.5744,-56.0692,1.4837,172.3722,1.6612,77.055,7,287274,50
157347,SLG,0,0.46543,-29.5929,1.267299,-158.6146,1.35152,105.9553,8.8797,-54.2659,9.3147,-172.9828,9.2806,64.0644,8,283954,50
157347,SLG,0,0.465263,-29.5898,1.267122,-158.6148,1.351361,105.9586,8.8797,-54.2659,9.3147,-172.9828,9.2806,64.0644,9,283956,50
157347,LL,0,0.008841,-73.8705,0.007899,131.6895,1.380141,88.3741,63651.7361,-73.8715,56868.1555,131.691,3.1389,60.6687,3,157347,50
157347,LL,0,0.507733,-31.1011,0.376862,-158.4563,1.292711,88.268,1124.2437,138.5395,1488.8055,10.7588,2195.9487,-96.0634,4,298162,50
157347,LL,0,0.507335,-30.9848,0.379801,-158.1708,1.294275,88.5143,1124.2437,138.5395,1488.8055,10.7588,2195.9487,-96.0634,5,165448,50
157347,LL,0,0.50129,-29.8899,0.408836,-155.6215,1.30867,90.9626,1124.2437,138.5395,1490.0291,10.7461,2195.9487,-96.0634,6,165449,50
157347,LL,0,0.505263,-29.3555,0.436392,-154.5294,1.333465,92.3447,0.6358,-56.7789,0.5728,178.1077,1.6354,64.8835,7,287274,50
157347,LL,0,0.502305,-28.6874,0.453726,-153.2862,1.344075,93.719,6.5673,-79.5836,6.568,-150.7167,10.6848,64.8475,8,283954,50
157347,LL,0,0.502203,-28.6793,0.453608,-153.2913,1.343878,93.7209,6.5673,-79.5836,6.568,-150.7167,10.6848,64.8475,9,283956,50
157347,3LG,0,0.009425,-91.8292,0.009426,148.177,0.009425,28.1682,67854.8308,-91.8292,67859.9031,148.177,67856.2043,28.1682,3,157347,50
157347,3LG,0,0.458972,-38.9946,0.458928,-158.9359,0.458789,80.9812,1347.9303,138.7161,1362.1828,18.6738,1342.0903,-101.6385,4,298162,50
157347,3LG,0,0.459896,-38.6931,0.459843,-158.6288,0.459694,81.2797,1347.9303,138.7161,1362.1828,18.6738,1342.0903,-101.6385,5,165448,50
157347,3LG,0,0.468287,-35.7936,0.468159,-155.6689,0.467852,84.1533,1347.9303,138.7161,1363.5613,18.6487,1342.0903,-101.6385,6,165449,50
157347,3LG,0,0.482921,-34.188,0.482902,-154.0293,0.482276,85.7423,0.6071,-61.6127,0.6338,178.6075,0.6498,58.4149,7,287274,50
157347,3LG,0,0.488869,-32.6065,0.488825,-152.4122,0.488021,87.3094,4.1357,-60.4626,4.1478,179.5477,4.1424,59.3982,8,283954,50
157347,3LG,0,0.488792,-32.6046,0.488748,-152.4102,0.487944,87.3113,4.1357,-60.4626,4.1478,179.5477,4.1424,59.3982,9,283956,50
298162,SLG,0,0.003603,-93.5498,1.28297,-167.0781,1.400173,105.6322,24766.587,-92.3993,2690.7756,15.0019,1814.242,-69.4216,4,298162,50
298162,SLG,0,0.010307,-89.5168,1.28695,-166.6551,1.396562,105.8834,1280.5846,63.5997,2690.7756,15.0019,1814.242,-69.4216,5,165448,50
298162,SLG,0,0.078943,-88.1828,1.329198,-162.4988,1.357412,108.5089,1280.5846,63.5997,2694.1904,14.9642,1814.242,-69.4216,6,165449,50
298162,SLG,0,0.127833,-89.839,1.376329,-160.1669,1.347962,110.1977,0.1607,-117.2616,1.6445,172.3323,1.6532,82.7363,7,287274,50
298162,SLG,0,0.167334,-89.2757,1.406199,-157.9929,1.328383,111.8354,7.7685,-58.6317,9.0424,-167.7732,9.8004,60.7175,8,283954,50
298162,SLG,0,0.167233,-89.3125,1.406029,-157.9936,1.328231,111.84,7.7685,-58.6317,9.0424,-167.7732,9.8004,60.7175,9,283956,50
298162,SLG,0,0.308182,-92.5737,1.590764,-153.794,1.357558,115.8219,10.4121,-120.0369,43.825,178.3903,49.8031,88.3357,10,189963,50
298162,SLG,0,0.337127,-92.2135,1.616948,-152.4916,1.346155,117.1014,16.6291,-54.163,21.8557,-168.1766,20.4206,61.5803,11,181977,50
298162,SLG,0,0.402072,-91.2528,1.678975,-149.7061,1.325099,119.9797,0.0,-1.167,0.0,-59.9187,0.0,-150.0162,12,181924,50
298162,SLG,0,0.428838,-90.7363,1.703664,-148.6015,1.315761,121.1343,825.3293,69.6916,1581.7579,16.2616,1046.6299,-72.2476,13,181993,50
298162,SLG,0,0.4544,-90.094,1.728599,-147.5913,1.310097,122.1597,817.656,71.2649,1559.7199,19.62,1032.164,-68.2967,14,181994,50
298162,SLG,0,0.444528,-91.0851,1.723064,-147.9094,1.313505,122.1572,8.3675,-118.5008,30.9543,-175.6225,19.3077,94.7518,15,181891,50
298162,LL,0,0.005498,-84.3342,0.004999,123.7972,1.38187,89.9591,39472.3248,-83.1847,35697.7026,122.5916,2181.65,-88.5479,4,298162,50
298162,LL,0,0.008725,-107.3956,0.00613,167.8641,1.381759,90.2517,800.6869,14.1833,809.0363,11.9774,2181.65,-88.5479,5,165448,50
298162,LL,0,0.051135,-133.4161,0.047902,-144.7264,1.379483,93.2224,800.6869,14.1833,809.1023,11.9764,2181.65,-88.5479,6,165449,50
298162,LL,0,0.081873,-136.9292,0.079195,-144.1993,1.395052,95.0043,0.1029,-164.3514,0.1039,-171.5601,1.711,67.543,7,287274,50
298162,LL,0,0.106883,-137.1324,0.104404,-142.7457,1.397224,96.7218,5.5674,-114.5094,5.4612,-114.9192,11.0285,65.2876,8,283954,50
298162,LL,0,0.106801,-137.1679,0.10433,-142.7852,1.397022,96.7241,5.5674,-114.5094,5.4612,-114.9192,11.0285,65.2876,9,283956,50
298162,LL,0,0.195818,-141.3694,0.194482,-144.909,1.493561,100.4129,6.6158,-168.832,5.8866,-172.5762,54.7924,72.9269,10,189963,50
298162,LL,0,0.214163,-141.1593,0.212978,-144.4243,1.498259,101.6058,11.2117,-113.0159,11.3328,-114.7511,22.3942,66.7197,11,181977,50
298162,LL,0,0.255765,-140.4884,0.254834,-143.2954,1.512952,104.2509,0.0,-50.4069,0.0,-53.0302,0.0,-165.7725,12,181924,50
298162,LL,0,0.273008,-140.0131,0.272127,-142.6713,1.518018,105.3048,527.5356,20.385,525.2722,18.4755,1303.7936,-89.5871,13,181993,50
298162,LL,0,0.289598,-139.3896,0.288716,-141.9288,1.525364,106.2601,522.6423,21.9516,520.5832,20.0504,1284.7068,-85.9496,14,181994,50
298162,LL,0,0.283012,-140.6046,0.282366,-143.1859,1.52565,106.1341,5.3273,-168.0202,5.574,-170.7567,22.4261,78.729,15,181891,50
298162,LL,0,0.320702,-138.8552,0.31985,-141.2224,1.549117,107.6707,0.0,-46.9368,0.0,-49.3633,0.0,-161.9609,16,255335,50
298162,LL,0,0.320702,-138.8552,0.31985,-141.2224,1.549117,107.6707,0.0,-48.8578,0.0,-51.2393,0.0,-162.3175,17,182030,50
298162,LL,0,0.402825,-139.2211,0.402167,-141.3115,1.64685,109.9006,526.1818,-157.8251,525.8168,-159.7526,1297.6076,93.8593,18,182153,50
298162,LL,0,0.431883,-139.1986,0.431334,-141.2052,1.675872,110.8518,526.7167,22.1659,526.3746,20.238,1303.5782,-86.1916,19,182158,50
298162,LL,0,0.460511,-139.1578,0.460077,-141.0903,1.703893,111.8003,529.6626,22.5261,529.207,20.5941,1311.6397,-86.3439,20,182162,50
298162,3LG,0,0.005879,-100.9579,0.005879,139.0415,0.005879,19.0427,42307.9039,-100.9569,42307.3931,139.0425,42307.5246,19.0438,4,298162,50
298162,3LG,0,0.005891,-100.6533,0.005891,139.3521,0.005891,19.3449,17.4597,76.733,17.6429,-43.3079,17.396,-163.5428,5,165448,50
298162,3LG,0,0.006,-97.7255,0.005999,142.3453,0.005996,22.2546,17.4597,76.733,17.6606,-43.3327,17.396,-163.5428,6,165449,50
298162,3LG,0,0.006189,-96.1063,0.00619,144.0023,0.006183,23.8626,0.0078,-123.5309,0.0081,116.6391,0.0083,-3.4648,7,287274,50
298162,3LG,0,0.006266,-94.5109,0.006267,145.6358,0.006257,25.4479,0.053,-122.3698,0.0532,117.6233,0.0531,-2.4882,8,283954,50
298162,3LG,0,0.006265,-94.509,0.006266,145.6377,0.006256,25.4498,0.053,-122.3698,0.0532,117.6233,0.0531,-2.4882,9,283956,50
298162,3LG,0,0.007138,-91.7822,0.00714,148.415,0.007114,28.1288,0.2412,-119.2473,0.2161,120.7457,0.2869,0.7593,10,189963,50
298162,3LG,0,0.007203,-90.779,0.007205,149.4298,0.007178,29.1237,0.1218,-118.6322,0.1317,121.3727,0.1219,1.1812,11,181977,50
298162,3LG,0,0.007374,-88.5588,0.007372,151.6355,0.007347,31.3076,0.0,1.4636,0.0,-118.377,0.0,121.2278,12,181924,50
298162,3LG,0,0.007441,-87.6779,0.007437,152.5028,0.007414,32.1683,10.4086,76.2747,10.3366,-43.5615,10.3337,-163.9852,13,181993,50
298162,3LG,0,0.00753,-86.85,0.007523,153.3182,0.007502,32.9763,10.302,78.485,10.23,-41.3372,10.2268,-161.7679,14,181994,50
298162,3LG,0,0.007485,-87.0406,0.007479,153.1318,0.007459,32.8049,0.1409,-114.4571,0.1476,125.5602,0.1205,5.512,15,181891,50
298162,3LG,0,0.007762,-85.7621,0.00775,154.3891,0.007732,34.0334,0.0,4.9401,0.0,-114.587,0.0,124.443,16,255335,50
298162,3LG,0,0.007762,-85.7621,0.00775,154.3891,0.007732,34.0334,0.0,4.236,0.0,-115.6229,0.0,124.0286,17,182030,50
298162,3LG,0,0.008605,-84.6271,0.008584,155.5102,0.008569,35.1213,10.376,-101.6038,10.3446,138.5286,10.3072,18.1388,18,182153,50
298162,3LG,0,0.008855,-84.0675,0.008832,156.0643,0.008818,35.6663,10.387,78.3856,10.356,-41.4824,10.3416,-161.895,19,182158,50
298162,3LG,0,0.009094,-83.5056,0.009068,156.6213,0.009055,36.2145,10.4547,78.3195,10.4242,-41.5528,10.4094,-161.9603,20,182162,50
165448,SLG,0,0.077447,-20.8118,1.260982,-165.96,1.374701,104.7546,22975.7525,-93.5888,2700.823,15.2205,1804.2749,-69.0728,4,298162,50
165448,SLG,0,0.003354,-94.7676,1.291387,-166.4212,1.391495,106.0743,22975.7525,-93.5888,2700.823,15.2205,1804.2749,-69.0728,5,165448,50
165448,SLG,0,0.072107,-88.4466,1.333867,-162.2662,1.35208,108.7089,1266.6496,63.322,2704.2501,15.1829,1804.2749,-69.0728,6,165449,50
165448,SLG,0,0.12099,-90.1427,1.381215,-159.9355,1.342408,110.4056,0.1521,-117.5652,1.6503,172.5637,1.6464,82.9442,7,287274,50
165448,SLG,0,0.160559,-89.5207,1.411236,-157.7625,1.322683,112.0503,7.7186,-57.7884,9.0875,-167.5734,9.7301,60.7105,8,283954,50
165448,SLG,0,0.160461,-89.5594,1.411064,-157.7633,1.322533,112.0549,7.7186,-57.7884,9.0875,-167.5734,9.7301,60.7105,9,283956,50
165448,SLG,0,0.301046,-92.8319,1.596573,-153.5672,1.351148,116.063,10.171,-120.295,43.985,178.6171,49.5679,88.5768,10,189963,50
165448,SLG,0,0.330041,-92.4559,1.622876,-152.2656,1.339652,117.3494,16.7143,-53.8867,21.9656,-167.9666,20.5073,61.8105,11,181977,50
165448,SLG,0,0.395071,-91.4648,1.685179,-149.4819,1.318408,120.2438,0.0,-1.6151,0.0,-59.4153,0.0,-149.7436,12,181924,50
165448,SLG,0,0.421871,-90.9357,1.709982,-148.378,1.308998,121.4054,816.5945,69.5412,1587.8023,16.4782,1040.6306,-71.9117,13,181993,50
165448,SLG,0,0.447428,-90.2812,1.735029,-147.3686,1.303257,122.4368,809.0632,71.1058,1565.6711,19.8361,1026.3218,-67.9576,14,181994,50
165448,SLG,0,0.437604,-91.2919,1.72945,-147.6866,1.306714,122.4334,8.2372,-118.7076,31.0691,-175.3996,19.2079,95.028,15,181891,50
165448,SLG,0,0.495385,-89.703,1.789965,-145.9299,1.303766,124.0327,0.0,2.1993,0.0,-54.7757,0.0,-145.8622,16,255335,50
165448,SLG,0,0.495385,-89.703,1.789965,-145.9299,1.303766,124.0327,0.0,0.3069,0.0,-55.944,0.0,-145.9523,17,182030,50
165448,LL,0,0.086738,-28.2477,0.066524,-149.1677,1.358572,89.8844,36443.4287,-83.3977,33345.4841,122.4929,2184.14,-88.3277,4,298162,50
165448,LL,0,0.005076,-84.6374,0.004673,123.7708,1.381853,90.361,36443.4287,-83.3977,33345.4841,122.4929,2184.14,-88.3277,5,165448,50
165448,LL,0,0.046916,-134.0253,0.043963,-145.4654,1.379649,93.3494,796.2589,13.3965,804.5834,11.3399,2184.14,-88.3277,6,165449,50
165448,LL,0,0.077818,-137.7342,0.075393,-144.8256,1.395302,95.1425,0.0978,-165.1563,0.099,-172.1862,1.7113,67.6813,7,287274,50
165448,LL,0,0.103008,-137.9009,0.100762,-143.2979,1.397549,96.8697,5.5474,-114.2952,5.4486,-114.6665,10.996,65.5208,8,283954,50
165448,LL,0,0.102927,-137.9383,0.100689,-143.3393,1.397348,96.872,5.5474,-114.2952,5.4486,-114.6665,10.996,65.5208,9,283956,50
165448,LL,0,0.1922,-142.1507,0.191042,-145.4916,1.494238,100.5854,6.4935,-169.6133,5.7825,-173.1587,54.8172,73.0995,10,189963,50
165448,LL,0,0.210678,-141.9217,0.209658,-144.9959,1.499026,101.7843,11.2373,-112.8148,11.3552,-114.4919,22.4481,66.9444,11,181977,50
165448,LL,0,0.252556,-141.2139,0.251767,-143.8469,1.513941,104.4421,0.0,-51.3402,0.0,-53.6371,0.0,-165.6103,12,181924,50
165448,LL,0,0.269911,-140.7227,0.269166,-143.2133,1.519098,105.5013,524.6112,19.7379,522.4712,17.9609,1305.3927,-89.3539,13,181993,50
165448,LL,0,0.286581,-140.084,0.285833,-142.461,1.526528,106.4614,519.7879,21.2959,517.839,19.5272,1286.3439,-85.7178,14,181994,50
165448,LL,0,0.280004,-141.3223,0.279478,-143.7389,1.526824,106.3325,5.2706,-168.7379,5.517,-171.3097,22.4433,78.9274,15,181891,50
165448,LL,0,0.317796,-139.5317,0.317071,-141.7449,1.550442,107.8794,0.0,-47.8525,0.0,-49.9361,0.0,-161.8913,16,255335,50
165448,LL,0,0.317796,-139.5317,0.317071,-141.7449,1.550442,107.8794,0.0,-49.5647,0.0,-51.7229,0.0,-162.1222,17,182030,50
165448,LL,0,0.400058,-139.8761,0.399512,-141.8261,1.64861,110.1231,523.285,-158.4755,523.0204,-160.2706,1299.2636,94.0908,18,182153,50
165448,LL,0,0.429203,-139.8471,0.428759,-141.7175,1.677807,111.0792,523.8165,21.5155,523.5748,19.72,1305.2406,-85.9601,19,182158,50
165448,LL,0,0.457925,-139.8005,0.457588,-141.6008,1.70601,112.0325,526.7047,21.8811,526.3581,20.0814,1313.2807,-86.112,20,182162,50
165448,3LG,0,0.077196,-32.9839,0.077196,-152.985,0.077196,87.0169,39269.7695,-101.0389,39269.2933,138.9605,39269.4179,18.9618,4,298162,50
165448,3LG,0,0.005457,-101.0399,0.005457,138.9594,0.005457,18.9606,39269.7695,-101.0389,39269.2933,138.9605,39269.4179,18.9618,5,165448,50
165448,3LG,0,0.005557,-98.1125,0.005557,141.953,0.005554,21.8702,16.1732,76.3438,16.36,-43.7231,16.114,-163.9258,6,165449,50
165448,3LG,0,0.005733,-96.4936,0.005734,143.6103,0.005727,23.4783,0.0072,-123.9182,0.0075,116.2471,0.0077,-3.849,7,287274,50
165448,3LG,0,0.005805,-94.8984,0.005805,145.244,0.005796,25.0636,0.0491,-122.7575,0.0492,117.2338,0.0492,-2.8746,8,283954,50
165448,3LG,0,0.005804,-94.8965,0.005804,145.2459,0.005795,25.0655,0.0491,-122.7575,0.0492,117.2338,0.0492,-2.8746,9,283956,50
165448,3LG,0,0.006612,-92.1704,0.006614,148.0237,0.00659,27.7448,0.2234,-119.6354,0.2002,120.3544,0.2657,0.3754,10,189963,50
165448,3LG,0,0.006673,-91.1673,0.006674,149.0387,0.006649,28.7398,0.1128,-119.0199,0.122,120.9832,0.1129,0.7949,11,181977,50
165448,3LG,0,0.006831,-88.9474,0.006829,151.2445,0.006806,30.9237,0.0,1.0443,0.0,-118.7618,0.0,121.0642,12,181924,50
165448,3LG,0,0.006893,-88.0666,0.006889,152.1119,0.006868,31.7845,9.6417,75.8853,9.5754,-43.9516,9.5721,-164.3683,13,181993,50
165448,3LG,0,0.006975,-87.2388,0.006969,152.9274,0.006949,32.5926,9.5429,78.0956,9.4767,-41.7273,9.473,-162.151,14,181994,50
165448,3LG,0,0.006933,-87.4294,0.006928,152.741,0.00691,32.4212,0.1305,-114.8459,0.1368,125.1694,0.1117,5.1283,15,181891,50
165448,3LG,0,0.00719,-86.1511,0.007179,153.9985,0.007162,33.6497,0.0,4.558,0.0,-115.0405,0.0,123.9947,16,255335,50
165448,3LG,0,0.00719,-86.1511,0.007179,153.9985,0.007162,33.6497,0.0,3.8403,0.0,-116.0425,0.0,123.6513,17,182030,50
165448,3LG,0,0.007971,-85.0164,0.007952,155.1198,0.007937,34.7378,9.6115,-101.9932,9.5828,138.1385,9.5476,17.7556,18,182153,50
165448,3LG,0,0.008203,-84.457,0.008181,155.674,0.008168,35.2829,9.6217,77.9961,9.5934,-41.8725,9.5794,-162.2781,19,182158,50
165448,3LG,0,0.008424,-83.8952,0.0084,156.2311,0.008387,35.8312,9.6844,77.9301,9.6566,-41.9429,9.6422,-162.3435,20,182162,50
165449,SLG,0,0.488788,-22.5979,1.167091,-158.8511,1.233169,100.0486,13285.9983,-102.2566,2796.961,15.2649,1809.6943,-66.0889,4,298162,50
165449,SLG,0,0.444701,-22.4448,1.184451,-159.1654,1.241863,100.9961,13285.9983,-102.2566,2796.961,15.2649,1809.6943,-66.0889,5,165448,50
165449,SLG,0,0.001996,-103.8344,1.365999,-162.1652,1.35062,110.0648,13285.9983,-102.2566,2800.3656,15.2353,1809.6943,-66.0889,6,165449,50
165449,SLG,0,0.051798,-97.1227,1.416341,-159.8103,1.339968,111.8966,0.0651,-124.5423,1.6923,172.6889,1.6434,84.4352,7,287274,50
165449,SLG,0,0.092845,-94.9418,1.448703,-157.6185,1.319433,113.6624,7.5578,-51.9922,9.4268,-166.6232,9.3059,60.9603,8,283954,50
165449,SLG,0,0.092771,-95.0177,1.448525,-157.6194,1.319291,113.667,7.5578,-51.9922,9.4268,-166.6232,9.3059,60.9603,9,283956,50
165449,SLG,0,0.232546,-98.4117,1.643718,-153.4128,1.346984,118.0445,7.8566,-125.8744,45.2838,178.7716,49.4151,90.5583,10,189963,50
165449,SLG,0,0.262653,-97.8134,1.671904,-152.109,1.335358,119.4275,17.1712,-51.9307,22.5538,-166.7602,20.8871,63.3665,11,181977,50
165449,SLG,0,0.329868,-96.4417,1.738476,-149.3249,1.314152,122.5397,0.0,-6.5893,0.0,-59.1828,0.0,-147.4396,12,181924,50
165449,SLG,0,0.357566,-95.7662,1.765045,-148.2214,1.304795,123.7949,741.7933,65.2136,1645.5548,16.5926,1039.6078,-68.7685,13,181993,50
165449,SLG,0,0.383597,-94.9699,1.791742,-147.2125,1.299076,124.9094,735.5587,66.6768,1622.6289,19.9363,1026.2811,-64.8151,14,181994,50
165449,SLG,0,0.374071,-96.22,1.785626,-147.5364,1.302999,124.8763,7.0412,-123.6357,32.0782,-175.2495,19.1532,97.471,15,181891,50
165449,SLG,0,0.431766,-94.2426,1.849859,-145.7775,1.299817,126.6439,0.0,-2.3616,0.0,-54.7346,0.0,-143.448,16,255335,50
165449,SLG,0,0.431766,-94.2426,1.849859,-145.7775,1.299817,126.6439,0.0,-4.2147,0.0,-55.8041,0.0,-143.3507,17,182030,50
165449,LL,0,0.510012,-27.3252,0.448837,-145.256,1.231785,90.2455,20759.7428,-85.2484,20458.6305,120.106,2246.7361,-87.3164,4,298162,50
165449,LL,0,0.462521,-27.2485,0.407745,-144.898,1.246144,90.579,20759.7428,-85.2484,20458.6305,120.106,2246.7361,-87.3164,5,165448,50
165449,LL,0,0.002884,-87.3142,0.002891,121.9561,1.397198,93.5556,20759.7428,-85.2484,20458.3156,120.1038,2246.7361,-87.3164,6,165449,50
165449,LL,0,0.034174,-146.4328,0.03326,-156.0556,1.414491,95.4631,0.043,-173.8515,0.0437,176.587,1.7348,68.0018,7,287274,50
165449,LL,0,0.061249,-146.3125,0.060301,-151.6716,1.418059,97.2887,5.4684,-112.806,5.4084,-112.9661,10.8768,67.1143,8,283954,50
165449,LL,0,0.061182,-146.3865,0.060242,-151.7513,1.417858,97.2907,5.4684,-112.806,5.4084,-112.9661,10.8768,67.1143,9,283956,50
165449,LL,0,0.153062,-151.1924,0.152898,-153.6494,1.521181,101.2402,5.1712,-178.6543,4.6279,178.684,55.8058,73.7542,10,189963,50
165449,LL,0,0.17294,-150.7461,0.172842,-152.9364,1.527338,102.4961,11.3474,-111.4146,11.4172,-112.7054,22.6798,68.472,11,181977,50
165449,LL,0,0.217719,-149.6479,0.21772,-151.4325,1.545529,105.2732,0.0,-59.7436,0.0,-61.5142,0.0,-164.7112,12,181924,50
165449,LL,0,0.23626,-148.9919,0.236269,-150.6552,1.552041,106.3826,492.6417,12.0407,491.2803,10.9414,1342.702,-88.1497,13,181993,50
165449,LL,0,0.253793,-148.194,0.25378,-149.7644,1.560719,107.3872,488.533,13.4968,487.2953,12.4061,1323.6991,-84.5343,14,181994,50
165449,LL,0,0.247272,-149.7103,0.247419,-151.3081,1.560986,107.2273,4.6545,-177.1259,4.8841,-178.8788,22.9455,79.8222,15,181891,50
165449,LL,0,0.28618,-147.4689,0.286159,-148.9078,1.587102,108.8734,0.0,-55.358,0.0,-56.6937,0.0,-160.9432,16,255335,50
165449,LL,0,0.28618,-147.4689,0.286159,-148.9078,1.587102,108.8734,0.0,-57.4489,0.0,-58.8986,0.0,-161.1408,17,182030,50
165449,LL,0,0.36986,-147.6339,0.369948,-148.8678,1.692145,111.2381,491.5149,-166.2205,491.8265,-167.3381,1336.8657,95.277,18,182153,50
165449,LL,0,0.399923,-147.5518,0.400076,-148.7259,1.723959,112.2362,492.0099,13.7706,492.3436,12.6526,1343.0013,-84.7741,19,182158,50
165449,LL,0,0.429623,-147.4605,0.429844,-148.5824,1.754818,113.2281,494.3028,14.2005,494.5844,13.0793,1350.9732,-84.9188,20,182162,50
165449,3LG,0,0.474688,-28.4883,0.474674,-148.4914,0.474695,91.5112,23217.0084,-102.6667,23216.9121,137.3334,23216.766,17.3339,4,298162,50
165449,3LG,0,0.430192,-28.2532,0.430178,-148.2567,0.430199,91.7461,23217.0084,-102.6667,23216.9121,137.3334,23216.766,17.3339,5,165448,50
165449,3LG,0,0.003226,-102.6689,0.003226,137.3295,0.003226,17.3315,23217.0084,-102.6667,23216.3168,137.3318,23216.766,17.3339,6,165449,50
165449,3LG,0,0.003328,-101.0535,0.003329,138.9893,0.003326,18.941,0.0042,-128.4782,0.0044,111.6261,0.0045,-8.3863,7,287274,50
165449,3LG,0,0.00337,-99.4612,0.00337,140.6251,0.003366,20.5274,0.0285,-127.3293,0.0286,112.6451,0.0286,-7.4321,8,283954,50
165449,3LG,0,0.003369,-99.4593,0.00337,140.627,0.003366,20.5293,0.0285,-127.3293,0.0286,112.6451,0.0286,-7.4321,9,283956,50
165449,3LG,0,0.003838,-96.7411,0.003841,143.4093,0.003826,23.2132,0.1297,-124.2062,0.1163,115.74,0.1543,-4.1562,10,189963,50
165449,3LG,0,0.003873,-95.7398,0.003876,144.4253,0.003861,24.2092,0.0655,-123.5912,0.0708,116.3931,0.0656,-3.7621,11,181977,50
165449,3LG,0,0.003965,-93.5237,0.003966,146.6331,0.003952,26.3952,0.0,-3.5385,0.0,-123.4452,0.0,116.4896,12,181924,50
165449,3LG,0,0.004001,-92.6444,0.004001,147.5014,0.003988,27.2568,5.5972,71.2984,5.5621,-48.5554,5.557,-168.8874,13,181993,50
165449,3LG,0,0.004049,-91.818,0.004047,148.3176,0.004035,28.0656,5.5398,73.5085,5.5048,-46.3316,5.4996,-166.6698,14,181994,50
165449,3LG,0,0.004025,-92.008,0.004024,148.1303,0.004012,27.8944,0.0758,-119.4244,0.0794,120.5587,0.0648,0.6015,15,181891,50
165449,3LG,0,0.004174,-90.7324,0.00417,149.3899,0.004158,29.124,0.0,-0.0588,0.0,-119.6603,0.0,119.4222,16,255335,50
165449,3LG,0,0.004174,-90.7324,0.00417,149.3899,0.004158,29.124,0.0,-0.7132,0.0,-120.6123,0.0,119.0977,17,182030,50
165449,3LG,0,0.004627,-89.6019,0.004619,150.5131,0.004608,30.215,5.5796,-106.5802,5.5664,133.5343,5.5428,13.2367,18,182153,50
165449,3LG,0,0.004762,-89.044,0.004752,151.068,0.004742,30.7611,5.5855,73.4092,5.5726,-46.4767,5.5613,-166.7971,19,182158,50
165449,3LG,0,0.00489,-88.4837,0.004879,151.6257,0.004869,31.3104,5.622,73.3431,5.6093,-46.5469,5.5978,-166.8627,20,182162,50
287274,SLG,0,0.295809,-43.1186,1.321905,-157.0624,1.232192,107.9809,9534.2571,-99.385,2781.6116,16.8673,1727.5984,-66.4766,6,165449,50
287274,SLG,0,0.001476,-100.6912,1.442062,-158.6071,1.310924,113.0398,10625.7821,-100.6912,1.723,173.8921,1.6078,85.5784,7,287274,50
287274,SLG,0,0.126112,-71.0327,1.458495,-155.7428,1.272198,114.1089,7.8109,-49.7288,9.6496,-167.0039,9.222,61.8316,8,283954,50
287274,SLG,0,0.125994,-71.0737,1.458312,-155.7434,1.272057,114.1136,7.8109,-49.7288,9.6496,-167.0039,9.222,61.8316,9,283956,50
287274,SLG,0,0.252502,-82.8008,1.647692,-151.691,1.297927,118.2242,8.5309,-110.2635,45.3934,-179.5067,47.6154,90.7381,10,189963,50
287274,SLG,0,0.279954,-83.2963,1.674234,-150.4213,1.286471,119.5373,17.0379,-51.6737,22.1962,-165.9829,20.711,64.3514,11,181977,50
287274,SLG,0,0.341715,-83.7048,1.737032,-147.7024,1.265314,122.4924,0.0,6.1332,0.0,-57.6643,0.0,-147.5236,12,181924,50
287274,SLG,0,0.367321,-83.6031,1.762015,-146.6247,1.255989,123.6804,732.6373,74.8959,1632.8777,18.0541,996.9815,-69.3943,13,181993,50
287274,SLG,0,0.391699,-83.2635,1.787323,-145.6384,1.250221,124.7345,725.4059,76.3958,1609.7819,21.4165,983.5471,-65.4314,14,181994,50
287274,SLG,0,0.381795,-84.2661,1.781488,-145.9426,1.253666,124.7262,7.1867,-111.6815,32.0039,-173.6556,18.4281,97.3209,15,181891,50
287274,SLG,0,0.436918,-83.1561,1.843021,-144.235,1.250335,126.3697,0.0,8.455,0.0,-53.255,0.0,-143.5914,16,255335,50
287274,SLG,0,0.436918,-83.1561,1.843021,-144.235,1.250335,126.3697,0.0,6.8287,0.0,-54.2507,0.0,-143.633,17,182030,50
287274,LL,0,0.35893,-43.8248,0.2983,-173.8287,1.316868,94.6403,14107.6468,-76.2763,14933.1027,129.1988,2239.739,-87.1246,6,165449,50
287274,LL,0,0.001984,-78.5114,0.002164,131.5182,1.419671,96.069,14283.8019,-78.5114,15582.1751,131.5182,1.7412,68.6077,7,287274,50
287274,LL,0,0.113962,-69.6645,0.122199,176.4636,1.406948,97.9749,6.2334,-105.4093,4.819,-120.1411,10.9627,68.1725,8,283954,50
287274,LL,0,0.113851,-69.6445,0.122182,176.4214,1.406746,97.9769,6.2334,-105.4093,4.819,-120.1411,10.9627,68.1725,9,283956,50
287274,LL,0,0.151597,-98.7001,0.215071,-172.5266,1.51125,101.8025,5.1219,-126.1617,6.5098,159.8053,55.4413,74.3166,10,189963,50
287274,LL,0,0.162968,-102.9159,0.233977,-170.3601,1.517811,103.0284,11.562,-102.6404,11.0392,-120.9223,22.2959,69.2217,11,181977,50
287274,LL,0,0.192029,-110.0503,0.277192,-166.3155,1.536743,105.7369,0.0,-20.0396,0.0,-76.3549,0.0,-164.2146,12,181924,50
287274,LL,0,0.205486,-112.1481,0.294935,-164.7525,1.543574,106.8173,410.0895,36.1394,563.3565,0.9458,1336.5328,-87.9369,13,181993,50
287274,LL,0,0.219098,-113.5374,0.31183,-163.2724,1.552511,107.7961,404.205,37.5162,559.534,2.572,1317.3053,-84.3274,14,181994,50
287274,LL,0,0.210854,-114.1949,0.306873,-164.6586,1.552423,107.6427,3.969,-141.6098,6.0578,167.7702,22.8196,80.2375,15,181891,50
287274,LL,0,0.244316,-115.8905,0.344194,-161.4825,1.579182,109.2392,0.0,-23.5523,0.0,-69.6007,0.0,-160.3533,16,255335,50
287274,LL,0,0.244316,-115.8905,0.344194,-161.4825,1.579182,109.2392,0.0,-25.9183,0.0,-71.4993,0.0,-160.772,17,182030,50
287274,LL,0,0.310497,-120.8284,0.431414,-159.8141,1.684322,111.5153,407.6951,-142.1749,564.5141,-177.2335,1330.4285,95.4873,18,182153,50
287274,LL,0,0.334489,-122.1687,0.462381,-159.172,1.716165,112.4795,408.1107,37.8176,565.1112,2.7565,1336.5371,-84.5634,19,182158,50
287274,LL,0,0.358305,-123.3224,0.492949,-158.5821,1.747028,113.4381,411.68,38.3154,567.3172,3.1079,1344.8656,-84.7092,20,182162,50
287274,3LG,0,0.344198,-51.2827,0.344181,-171.2877,0.344202,68.7149,16354.5793,-93.1721,16353.4207,146.8261,16354.4642,26.8286,6,165449,50
287274,3LG,0,0.002313,-92.8191,0.002313,147.1811,0.002312,27.1776,16649.1963,-92.8191,16651.3652,147.1811,16648.4828,27.1776,7,287274,50
287274,3LG,0,0.114209,-65.3237,0.114226,174.7262,0.114139,54.6711,0.9675,-93.2053,0.969,146.7659,0.9678,26.7054,8,283954,50
287274,3LG,0,0.114191,-65.3218,0.114208,174.7281,0.114121,54.673,0.9675,-93.2053,0.969,146.7659,0.9678,26.7054,9,283956,50
287274,3LG,0,0.130089,-62.6085,0.130177,177.511,0.12974,57.3616,4.3952,-90.0735,3.9403,149.8417,5.2315,29.9921,10,189963,50
287274,3LG,0,0.13128,-61.6082,0.131366,178.5271,0.130903,58.3585,2.2215,-89.4671,2.3999,150.5126,2.2219,30.3755,11,181977,50
287274,3LG,0,0.134389,-59.3942,0.134419,-179.2649,0.133977,60.5467,0.0,30.6507,0.0,-89.207,0.0,150.5339,12,181924,50
287274,3LG,0,0.135611,-58.5159,0.135608,-178.3965,0.135193,61.4092,189.6889,105.4212,188.5625,-14.4529,188.3976,-134.7282,13,181993,50
287274,3LG,0,0.137224,-57.6903,0.137183,-177.5801,0.136793,62.2187,187.7438,107.6313,186.6191,-12.2294,186.4496,-132.5104,14,181994,50
287274,3LG,0,0.136403,-57.8798,0.136391,-177.7678,0.136016,62.0474,2.5676,-85.2962,2.6925,154.6606,2.198,34.7545,15,181891,50
287274,3LG,0,0.14145,-56.606,0.141337,-176.5077,0.140984,63.2784,0.0,34.2445,0.0,-85.6677,0.0,153.6352,16,255335,50
287274,3LG,0,0.14145,-56.606,0.141337,-176.5077,0.140984,63.2784,0.0,33.4123,0.0,-86.5071,0.0,153.2931,17,182030,50
287274,3LG,0,0.156822,-55.4779,0.156574,-175.3845,0.156223,64.372,189.094,-72.4574,188.7085,167.6366,187.9163,47.396,18,182153,50
287274,3LG,0,0.161378,-54.9208,0.161093,-174.8297,0.160751,64.919,189.2939,107.532,188.9169,-12.3744,188.5429,-132.6378,19,182158,50
287274,3LG,0,0.165722,-54.3612,0.165402,-174.2721,0.16507,65.4692,190.5293,107.4659,190.1607,-12.4445,189.7783,-132.7035,20,182162,50
283954,SLG,0,0.409139,-36.2421,1.293886,-155.263,1.194654,106.4389,8002.3425,-102.3469,2808.9601,16.3052,1756.6071,-65.7335,6,165449,50
283954,SLG,0,0.231079,-36.82,1.389575,-155.8538,1.24377,110.6312,0.2905,-64.2437,1.6603,176.6453,1.5254,83.1699,7,287274,50
283954,SLG,0,0.001255,-103.8611,1.477763,-157.073,1.306623,114.9342,9036.5725,-103.8203,9.8884,-165.3463,8.7448,61.1912,8,283954,50
283954,SLG,0,0.001228,-110.261,1.477577,-157.074,1.306492,114.9387,7.4355,-43.9547,9.8884,-165.3463,8.7448,61.1912,9,283956,50
283954,SLG,0,0.220499,-84.4624,1.657665,-152.1865,1.312264,118.6471,7.4497,-111.9247,45.6681,179.9977,48.1416,91.161,10,189963,50
283954,SLG,0,0.248306,-85.2026,1.685144,-150.917,1.301072,120.0038,16.7945,-50.8243,22.1752,-165.5981,20.4901,64.4073,11,181977,50
283954,SLG,0,0.31078,-85.924,1.750012,-148.2014,1.280642,123.0551,0.0,3.9877,0.0,-58.2139,0.0,-146.8258,12,181924,50
283954,SLG,0,0.336716,-85.8878,1.775855,-147.1253,1.271629,124.2841,695.8981,72.3186,1649.9242,17.5204,1012.9715,-68.4884,13,181993,50
283954,SLG,0,0.361257,-85.5779,1.80194,-146.1403,1.266154,125.3748,689.1716,73.7629,1626.584,20.8737,999.7293,-64.5364,14,181994,50
283954,SLG,0,0.351389,-86.675,1.795834,-146.4486,1.26974,125.3489,6.6143,-114.0904,32.2616,-174.1619,18.6644,97.9436,15,181891,50
283954,SLG,0,0.406431,-85.5318,1.859037,-144.741,1.266978,127.0692,0.0,6.7038,0.0,-53.7253,0.0,-142.9455,16,255335,50
283954,SLG,0,0.406431,-85.5318,1.859037,-144.741,1.266978,127.0692,0.0,4.4634,0.0,-54.7388,0.0,-142.9643,17,182030,50
283954,LL,0,0.464536,-37.9402,0.40177,-163.004,1.28105,94.7797,11761.0048,-76.9472,12704.5331,127.9759,2274.8623,-87.2413,6,165449,50
283954,LL,0,0.252018,-37.7877,0.228582,-160.9271,1.357567,96.3015,0.3168,-65.2124,0.3,171.7104,1.665,68.8402,7,287274,50
283954,LL,0,0.001654,-79.4586,0.001858,130.4009,1.435401,97.4852,11913.1325,-79.472,13377.7515,130.4211,10.791,69.4994,8,283954,50
283954,LL,0,0.001555,-78.4847,0.001932,128.265,1.435201,97.4869,5.4129,-110.4463,5.378,-110.5551,10.791,69.4994,9,283956,50
283954,LL,0,0.138395,-92.7594,0.201856,-179.5057,1.525735,101.5983,4.676,-120.2208,6.1097,152.8261,55.9727,74.1123,10,189963,50
283954,LL,0,0.147746,-98.244,0.220933,-176.9148,1.533171,102.8454,11.6164,-102.186,10.8016,-120.7307,22.1435,69.6331,11,181977,50
283954,LL,0,0.173771,-107.7122,0.264687,-172.2001,1.554123,105.5966,0.0,-17.7773,0.0,-82.2674,0.0,-164.3409,12,181924,50
283954,LL,0,0.1865,-110.5659,0.282701,-170.4269,1.561791,106.6949,382.9129,34.5597,551.3052,-3.9187,1357.4051,-87.9564,13,181993,50
283954,LL,0,0.199589,-112.5209,0.299766,-168.7802,1.571494,107.6895,377.0841,35.8514,547.8537,-2.3212,1338.0936,-84.3594,14,181994,50
283954,LL,0,0.19114,-113.0645,0.295015,-170.2697,1.571285,107.5217,3.598,-140.4791,5.8237,162.1591,23.0969,80.1166,15,181891,50
283954,LL,0,0.22387,-115.6614,0.332397,-166.7729,1.599632,109.1557,0.0,-23.5663,0.0,-75.0848,0.0,-160.5483,16,255335,50
283954,LL,0,0.22387,-115.6614,0.332397,-166.7729,1.599632,109.1557,0.0,-25.6564,0.0,-76.7908,0.0,-160.8106,17,182030,50
283954,LL,0,0.287671,-121.773,0.419965,-164.8096,1.708706,111.4691,380.4139,-143.7971,552.4824,177.8906,1351.3458,95.4583,18,182153,50
283954,LL,0,0.311128,-123.4364,0.45123,-164.0847,1.742027,112.4452,380.8007,36.1958,553.0649,-2.1195,1357.5437,-84.5925,19,182158,50
283954,LL,0,0.334509,-124.8625,0.482132,-163.4246,1.774378,113.4143,384.286,36.7547,554.9554,-1.743,1365.9409,-84.7343,20,182162,50
283954,3LG,0,0.444058,-42.6165,0.444033,-162.6263,0.444092,77.3811,13792.9956,-94.0016,13791.9392,145.9966,13792.7327,25.9987,6,165449,50
283954,3LG,0,0.244053,-40.8507,0.244067,-160.8612,0.244074,79.1492,0.3068,-68.2754,0.3203,171.7756,0.3289,51.8219,7,287274,50
283954,3LG,0,0.001959,-93.6229,0.001959,146.3775,0.001959,26.3758,14102.0356,-93.6229,14104.9099,146.3774,14101.6785,26.3758,8,283954,50
283954,3LG,0,0.001958,-93.621,0.001959,146.3794,0.001958,26.3777,0.0166,-121.521,0.0166,118.4441,0.0166,-1.6004,9,283956,50
283954,3LG,0,0.137125,-64.9027,0.137246,175.1815,0.136819,55.0859,4.6329,-92.3677,4.1543,147.5121,5.517,27.7165,10,189963,50
283954,3LG,0,0.13838,-63.9037,0.138503,176.1979,0.138044,56.0838,2.3426,-91.7682,2.5301,148.2038,2.3425,28.0843,11,181977,50
283954,3LG,0,0.141655,-61.6925,0.141729,178.4066,0.141281,58.2743,0.0,28.2659,0.0,-91.5,0.0,148.1858,12,181924,50
283954,3LG,0,0.142942,-60.8154,0.142986,179.2754,0.142561,59.1376,199.936,103.1144,198.8548,-16.779,198.6486,-136.9922,13,181993,50
283954,3LG,0,0.144642,-59.9908,0.144649,-179.9079,0.144246,59.9479,197.8848,105.3246,196.8059,-14.5558,196.5955,-134.7741,14,181994,50
283954,3LG,0,0.143775,-60.1797,0.143813,179.9038,0.143428,59.7766,2.7064,-87.5962,2.839,152.3322,2.3178,32.4837,15,181891,50
283954,3LG,0,0.149094,-58.9082,0.149034,-178.8351,0.148662,61.0089,0.0,31.9348,0.0,-87.8149,0.0,151.5106,16,255335,50
283954,3LG,0,0.149094,-58.9082,0.149034,-178.8351,0.148662,61.0089,0.0,31.1275,0.0,-88.8153,0.0,151.035,17,182030,50
283954,3LG,0,0.165295,-57.7831,0.165111,-177.7115,0.164724,62.1053,199.3084,-74.7642,199.009,165.3103,198.1418,45.1322,18,182153,50
283954,3LG,0,0.170094,-57.2271,0.16988,-177.1565,0.169498,62.6534,199.5191,105.2252,199.2288,-14.7008,198.8025,-134.9016,19,182158,50
283954,3LG,0,0.174672,-56.6686,0.174427,-176.5988,0.174049,63.2047,200.8218,105.1592,200.5401,-14.7707,200.1048,-134.9675,20,182162,50
283956,SLG,0,0.385333,-52.3865,1.381885,-153.093,1.178352,110.016,0.4844,-79.8107,1.6511,179.4061,1.4452,82.5547,7,287274,50
283956,SLG,0,0.220035,-76.0239,1.467047,-153.7872,1.222648,114.4946,8238.8417,-92.7298,9.813,-164.6614,8.6717,60.4782,8,283954,50
283956,SLG,0,0.001144,-92.7675,1.456897,-156.212,1.284485,114.079,8238.8417,-92.7298,9.813,-164.6614,8.6717,60.4782,9,283956,50
283956,SLG,0,0.444145,-72.3238,1.62028,-149.0586,1.22498,116.8912,15.0058,-99.7877,44.6382,-176.8744,44.9395,89.4051,10,189963,50
283956,SLG,0,0.470162,-72.0212,1.641567,-147.7902,1.2128,117.9457,16.9496,-51.9421,21.8595,-167.9073,19.8988,63.2206,11,181977,50
283956,LL,0,0.407521,-47.9873,0.41104,-173.9686,1.324611,97.6825,0.5123,-75.4119,0.5395,158.6684,1.6246,70.2213,7,287274,50
283956,LL,0,0.212996,-66.9583,0.246548,167.2484,1.394571,99.2002,10543.9428,-70.3326,11717.1951,141.2713,10.6457,69.6556,8,283954,50
283956,LL,0,0.001464,-70.314,0.001628,141.2467,1.421282,97.6409,10543.9428,-70.3326,11717.1951,141.2713,10.6457,69.6556,9,283956,50
283956,LL,0,0.367424,-69.7261,0.441969,178.838,1.469789,102.712,12.414,-97.1901,13.3777,151.1689,53.9204,75.2261,10,189963,50
283956,LL,0,0.375229,-70.9488,0.458284,-179.0226,1.473656,103.8462,12.5204,-90.8505,10.0245,-146.0251,20.0376,66.5978,11,181977,50
283956,LL,0,0.394956,-73.3891,0.497069,-174.6429,1.486118,106.36,0.0,16.6477,0.0,-84.6894,0.0,-163.5749,12,181924,50
283956,LL,0,0.404079,-74.2793,0.512784,-172.9237,1.490268,107.3565,622.468,77.9079,832.643,-4.812,1272.3673,-87.903,13,181993,50
283956,LL,0,0.414598,-74.9412,0.52862,-171.3364,1.496736,108.2597,612.3152,79.7663,827.244,-2.8807,1253.124,-84.2483,14,181994,50
283956,LL,0,0.405789,-74.9721,0.525136,-172.2255,1.496862,108.1638,7.6385,-102.3878,10.7515,160.2535,22.003,80.7587,15,181891,50
283956,LL,0,0.436365,-76.2679,0.562043,-169.1854,1.518663,109.5883,0.0,14.8642,0.0,-77.7582,0.0,-160.0927,16,255335,50
283956,LL,0,0.436365,-76.2679,0.562043,-169.1854,1.518663,109.5883,0.0,13.7437,0.0,-79.2115,0.0,-160.3779,17,182030,50
283956,3LG,0,0.420702,-50.8219,0.420987,-170.8175,0.420662,69.1897,0.5289,-78.2466,0.5526,161.8193,0.5668,41.8623,7,287274,50
283956,3LG,0,0.236055,-67.6978,0.236281,172.336,0.235969,52.3194,12352.8892,-83.6425,12361.573,156.3667,12351.4353,36.3498,8,283954,50
283956,3LG,0,0.001716,-83.6425,0.001717,156.3667,0.001716,36.3499,12352.8892,-83.6425,12361.573,156.3667,12351.4353,36.3498,9,283956,50
283956,3LG,0,0.385895,-61.7892,0.386419,178.3225,0.384884,58.201,13.0379,-89.2543,11.6965,150.6531,15.5197,30.8316,10,189963,50
283956,3LG,0,0.389436,-60.7898,0.389952,179.3397,0.388329,59.1978,6.5916,-88.6355,7.1219,151.3308,6.5919,31.1958,11,181977,50
283956,3LG,0,0.398669,-58.5775,0.399022,-178.4498,0.397431,61.3858,0.0,31.2743,0.0,-88.4556,0.0,151.4666,12,181924,50
283956,3LG,0,0.402301,-57.7,0.402553,-177.5803,0.401032,62.2481,562.8228,106.2306,559.8333,-13.6305,558.836,-133.8907,13,181993,50
283956,3LG,0,0.407091,-56.8749,0.407231,-176.7629,0.405772,63.0575,557.0501,108.4403,554.0668,-11.4073,553.057,-131.6729,14,181994,50
283956,3LG,0,0.40465,-57.0644,0.404881,-176.9512,0.403469,62.8865,7.617,-84.4809,7.9927,155.4772,6.5201,35.5937,15,181891,50
283956,3LG,0,0.419634,-55.7917,0.419568,-175.6891,0.418194,64.117,0.0,35.0421,0.0,-84.855,0.0,154.5561,16,255335,50
283956,3LG,0,0.419634,-55.7917,0.419568,-175.6891,0.418194,64.117,0.0,34.1978,0.0,-85.6761,0.0,154.13,17,182030,50
283956,3LG,0,0.465258,-54.666,0.464816,-174.5633,0.463376,65.2103,561.0563,-71.6483,560.2683,168.4587,557.4077,48.2334,18,182153,50
283956,3LG,0,0.478778,-54.1098,0.478236,-174.0076,0.476801,65.7574,561.6494,108.341,560.887,-11.5523,559.2663,-131.8003,19,182158,50
283956,3LG,0,0.491672,-53.551,0.491033,-173.4491,0.489604,66.3076,565.3154,108.2751,564.5782,-11.6224,562.9314,-131.8662,20,182162,50
189963,SLG,0,0.471888,-40.275,1.371571,-151.4455,1.141267,109.168,0.5932,-67.6993,1.6388,-178.9464,1.3997,81.7067,7,287274,50
189963,SLG,0,0.377492,-48.4374,1.438042,-151.2441,1.160906,112.8195,8.939,-52.1849,9.6717,-169.5851,9.6889,65.4103,8,283954,50
189963,SLG,0,0.377327,-48.4429,1.437859,-151.2438,1.160749,112.8242,8.939,-52.1849,9.6717,-169.5851,9.6889,65.4103,9,283956,50
189963,SLG,0,0.000852,-104.1237,1.710105,-151.9141,1.307141,120.8745,6134.7327,-104.1238,47.1128,-179.7299,47.9536,93.3884,10,189963,50
189963,SLG,0,0.046167,-75.6503,1.739711,-150.46,1.290486,122.3517,14.4998,-41.436,21.9154,-161.5247,18.235,64.5624,11,181977,50
189963,SLG,0,0.104846,-91.4692,1.812694,-147.875,1.274534,125.7907,0.0,-0.8098,0.0,-57.9548,0.0,-144.2135,12,181924,50
189963,SLG,0,0.130233,-93.0944,1.841912,-146.8524,1.26749,127.1839,421.159,60.9607,1725.4554,17.3617,1024.1458,-64.3912,13,181993,50
189963,SLG,0,0.153506,-93.4881,1.871075,-145.9135,1.263711,128.4198,418.044,61.8524,1700.4697,20.6816,1012.3691,-60.4837,14,181994,50
189963,SLG,0,0.144627,-95.9309,1.863476,-146.2211,1.267536,128.3202,2.7222,-123.345,33.4768,-173.9343,18.632,100.9148,15,181891,50
189963,SLG,0,0.194372,-94.4846,1.933661,-144.5938,1.267725,130.3467,0.0,-0.8697,0.0,-53.6437,0.0,-139.6044,16,255335,50
189963,SLG,0,0.194372,-94.4846,1.933661,-144.5938,1.267725,130.3467,0.0,-4.4375,0.0,-54.6054,0.0,-139.6294,17,182030,50
189963,SLG,0,0.293007,-97.1825,2.126708,-142.7399,1.317352,133.8127,420.2048,-117.5589,1723.4164,-159.4335,1022.0711,119.1576,18,182153,50
189963,SLG,0,0.330117,-97.7125,2.191184,-141.9705,1.329732,135.2775,420.6133,62.4338,1725.9943,20.5513,1026.8142,-60.8996,19,182158,50
189963,SLG,0,0.367081,-98.1214,2.254416,-141.22,1.341773,136.7515,422.415,63.372,1735.7805,20.5751,1032.9795,-61.3079,20,182162,50
189963,LL,0,0.469566,-41.4636,0.430027,-177.0091,1.3492,99.0298,6.8278,-83.5046,5.1462,-153.8648,9.8347,66.9687,8,283954,50
189963,LL,0,0.469449,-41.4567,0.429952,-177.0173,1.349021,99.032,6.8278,-83.5046,5.1462,-153.8648,9.8347,66.9687,9,283956,50
189963,LL,0,0.000954,-69.191,0.001265,139.6973,1.566062,101.5862,6869.1315,-69.1911,9108.4771,139.6972,57.4521,74.1002,10,189963,50
189963,LL,0,0.009468,-99.4819,0.051161,-158.5571,1.574016,103.0014,11.3448,-103.7763,11.3671,-108.4909,22.6808,74.0315,11,181977,50
189963,LL,0,0.047347,-160.2229,0.095306,-163.2958,1.605647,105.8221,0.0,-70.56,0.0,-72.9622,0.0,-164.1128,12,181924,50
189963,LL,0,0.065368,-162.0833,0.11384,-163.5222,1.617797,106.9506,264.7757,-6.9685,331.3222,-5.8523,1433.8253,-87.6433,13,181993,50
189963,LL,0,0.081782,-162.2241,0.130837,-163.1347,1.631566,107.9733,263.268,-6.2515,328.9712,-4.8333,1413.8561,-84.1161,14,181994,50
189963,LL,0,0.075756,-166.3996,0.124542,-165.7832,1.630128,107.7511,1.4259,166.1869,2.4584,166.6471,23.9618,80.346,15,181891,50
189963,LL,0,0.110363,-162.992,0.160923,-163.1794,1.667013,109.4707,0.0,-69.1712,0.0,-70.0725,0.0,-160.2336,16,255335,50
189963,LL,0,0.110363,-162.992,0.160923,-163.1794,1.667013,109.4707,0.0,-73.0006,0.0,-73.1784,0.0,-160.512,17,182030,50
189963,LL,0,0.178253,-165.4058,0.23421,-164.7044,1.794136,111.7986,264.0647,174.414,331.2806,175.665,1427.6572,95.7245,18,182153,50
189963,LL,0,0.204042,-165.8298,0.261572,-164.9685,1.834294,112.7697,264.3168,-5.5934,331.6185,-4.3432,1434.1721,-84.3257,19,182158,50
189963,LL,0,0.229757,-166.1485,0.288775,-165.1687,1.873475,113.7281,264.6409,-4.655,332.4763,-3.6086,1442.4389,-84.4321,20,182162,50
189963,3LG,0,0.480612,-50.2566,0.48086,-170.2624,0.480953,69.7657,4.0743,-78.1588,4.0789,161.8224,4.0754,41.7754,8,283954,50
189963,3LG,0,0.480536,-50.2548,0.480785,-170.2605,0.480877,69.7676,4.0743,-78.1588,4.0789,161.8224,4.0754,41.7754,9,283956,50
189963,3LG,0,0.001241,-82.6685,0.001241,157.3327,0.001242,37.3393,8935.921,-82.6686,8938.0488,157.3326,8940.0105,37.3392,10,189963,50
189963,3LG,0,0.027125,-18.5014,0.027141,-138.4937,0.027141,101.5167,0.4597,-46.4313,0.496,-166.4077,0.4599,73.496,11,181977,50
189963,3LG,0,0.027762,-16.2977,0.027779,-136.2889,0.027776,103.7188,0.0,73.7254,0.0,-46.2369,0.0,-166.2193,12,181924,50
189963,3LG,0,0.028013,-15.4238,0.028027,-135.4215,0.028027,104.587,39.1665,148.4843,39.003,28.5089,39.0548,-91.5101,13,181993,50
189963,3LG,0,0.028345,-14.602,0.028355,-134.6059,0.028358,105.4015,38.764,150.6951,38.601,30.7305,38.652,-89.2917,14,181994,50
189963,3LG,0,0.028175,-14.7884,0.02819,-134.7954,0.028199,105.2286,0.5304,-42.2049,0.5565,-162.367,0.4557,77.9357,15,181891,50
189963,3LG,0,0.029214,-13.5239,0.029218,-133.5355,0.029226,106.4693,0.0,77.2466,0.0,-42.6187,0.0,-162.9961,16,255335,50
189963,3LG,0,0.029214,-13.5239,0.029218,-133.5355,0.029226,106.4693,0.0,76.472,0.0,-43.542,0.0,-163.5518,17,182030,50
189963,3LG,0,0.032383,-12.4066,0.032377,-132.4177,0.032383,107.5791,39.0431,-29.3938,39.033,-149.4028,38.9557,90.6143,18,182153,50
189963,3LG,0,0.033321,-11.8532,0.033315,-131.8649,0.033322,108.132,39.0844,150.5956,39.0761,30.5861,39.0856,-89.4195,19,182158,50
189963,3LG,0,0.034215,-11.2971,0.034209,-131.3094,0.034216,108.6879,39.34,150.5292,39.3332,30.5169,39.3412,-89.4858,20,182162,50
181977,SLG,0,0.478141,-45.8445,1.413928,-149.7884,1.1281,111.3964,9.0368,-53.3606,9.4874,-170.2253,9.7051,65.9398,8,283954,50
181977,SLG,0,0.477971,-45.8476,1.413748,-149.7879,1.12794,111.4009,9.0368,-53.3606,9.4874,-170.2253,9.7051,65.9398,9,283956,50
181977,SLG,0,0.182289,-45.0265,1.670134,-149.921,1.247778,119.1362,6.1589,-72.4885,46.0116,-177.7368,45.7758,91.6501,10,189963,50
181977,SLG,0,0.000755,-102.1158,1.732365,-150.7662,1.299466,122.0187,5439.3836,-101.9838,21.9551,-161.021,17.8991,64.1258,11,181977,50
181977,SLG,0,0.182601,-73.0911,1.783427,-147.1202,1.249574,124.5255,0.0,17.4093,0.0,-57.0682,0.0,-145.5546,12,181924,50
181977,SLG,0,0.204996,-75.2859,1.810493,-146.1012,1.242007,125.8206,494.42,74.7384,1685.419,18.134,997.2445,-66.4849,13,181993,50
181977,SLG,0,0.226357,-76.4782,1.837714,-145.1657,1.237735,126.9694,488.8291,75.8949,1660.9136,21.4753,984.8483,-62.5596,14,181994,50
181977,SLG,0,0.216523,-77.5935,1.830759,-145.4605,1.24114,126.908,4.0756,-105.0078,32.889,-173.1737,18.244,99.5027,15,181891,50
181977,SLG,0,0.264722,-78.4848,1.896806,-143.8469,1.24048,128.7549,0.0,14.0362,0.0,-52.8522,0.0,-141.3137,16,255335,50
181977,SLG,0,0.264722,-78.4848,1.896806,-143.8469,1.24048,128.7549,0.0,11.522,0.0,-53.8741,0.0,-141.2531,17,182030,50
181977,SLG,0,0.360854,-82.6625,2.08119,-141.9811,1.285619,131.9427,492.5659,-103.6472,1683.491,-158.6469,994.6969,117.0799,18,182153,50
181977,SLG,0,0.396411,-83.6736,2.142436,-141.2048,1.296128,133.3043,493.0576,76.3454,1686.0115,21.3378,999.3271,-62.9766,19,182158,50
181977,SLG,0,0.431762,-84.5079,2.202455,-140.4463,1.30616,134.6794,496.4292,77.0594,1695.722,21.352,1005.503,-63.3812,20,182162,50
181977,LL,0,0.179129,-38.4726,0.197859,-163.1482,1.520051,102.085,6.0524,-65.9373,5.9888,169.1843,55.7642,74.599,10,189963,50
181977,LL,0,0.00083,-66.6389,0.001113,142.257,1.578096,102.5767,5986.5736,-66.707,8006.8711,142.3323,22.75,74.5779,11,181977,50
181977,LL,0,0.113845,-64.6441,0.198652,-175.7178,1.582989,105.7288,0.0,25.56,0.0,-85.2984,0.0,-164.2462,12,181924,50
181977,LL,0,0.112278,-71.9442,0.21671,-174.2612,1.594111,106.8219,202.7588,40.5668,462.6456,-9.9711,1406.3072,-87.9898,13,181993,50
181977,LL,0,0.113869,-78.4185,0.233541,-172.8489,1.606924,107.8132,197.0105,41.2614,459.5317,-8.5258,1386.3124,-84.4487,14,181994,50
181977,LL,0,0.107629,-76.2702,0.228303,-174.5357,1.605518,107.6123,2.026,-103.6837,4.5068,157.8934,23.6001,80.2072,15,181891,50
181977,LL,0,0.120236,-88.9619,0.264794,-171.289,1.640493,109.2628,0.0,3.0546,0.0,-79.1415,0.0,-160.4915,16,255335,50
181977,LL,0,0.120236,-88.9619,0.264794,-171.289,1.640493,109.2628,0.0,0.9925,0.0,-81.3211,0.0,-160.7475,17,182030,50
181977,LL,0,0.14925,-108.1742,0.345729,-170.2311,1.762429,111.5072,199.8343,-138.0196,463.151,171.7739,1399.8992,95.3888,18,182153,50
181977,LL,0,0.162864,-113.7423,0.375009,-169.7945,1.800611,112.4496,200.0378,41.9776,463.6353,-8.2356,1406.2982,-84.6614,19,182158,50
181977,LL,0,0.177621,-118.4504,0.403979,-169.3961,1.837792,113.3816,203.5007,43.0109,465.0486,-7.7504,1414.818,-84.776,20,182162,50
181977,3LG,0,0.192648,-39.303,0.19287,-159.2906,0.192739,80.7403,6.5088,-66.7681,5.838,173.0401,7.7718,53.3709,10,189963,50
181977,3LG,0,0.001086,-80.0129,0.001087,159.9916,0.001086,39.9978,7818.4341,-80.0129,7824.1801,159.9915,7821.3516,39.9977,11,181977,50
181977,3LG,0,0.151071,-49.5998,0.151222,-169.5723,0.151088,70.4345,0.0,40.5107,0.0,-79.6842,0.0,160.5307,12,181924,50
181977,3LG,0,0.152438,-48.726,0.152574,-168.704,0.152453,71.3018,213.1569,115.1807,212.315,-4.7661,212.4152,-124.7999,13,181993,50
181977,3LG,0,0.154245,-47.9044,0.15436,-167.8876,0.154251,72.1156,210.9662,117.3913,210.1276,-2.5444,210.2237,-122.5815,14,181994,50
181977,3LG,0,0.15332,-48.0911,0.153462,-168.0773,0.153382,71.9433,2.8861,-75.5075,3.0295,164.351,2.4787,44.6504,15,181891,50
181977,3LG,0,0.158982,-46.8265,0.159056,-166.8158,0.158968,73.1824,0.0,43.8868,0.0,-75.8644,0.0,163.6738,16,255335,50
181977,3LG,0,0.158982,-46.8265,0.159056,-166.8158,0.158968,73.1824,0.0,43.1586,0.0,-76.8496,0.0,163.1813,17,182030,50
181977,3LG,0,0.176233,-45.7099,0.176251,-165.6952,0.176135,74.2902,212.4852,-62.6975,212.4789,177.3222,211.876,57.3245,18,182153,50
181977,3LG,0,0.181341,-45.1569,0.181355,-165.1414,0.181236,74.8425,212.7099,117.2919,212.7135,-2.6889,212.5824,-122.7092,19,182158,50
181977,3LG,0,0.186212,-44.601,0.186222,-164.5849,0.186101,75.3977,214.1009,117.2257,214.1131,-2.7582,213.9732,-122.7756,20,182162,50
181924,SLG,0,0.476888,-37.577,1.411684,-150.2974,1.141352,111.3513,8.9576,-52.6715,9.3315,-169.1219,9.6359,67.2128,8,283954,50
181924,SLG,0,0.476718,-37.5774,1.411507,-150.297,1.141191,111.3556,8.9576,-52.6715,9.3315,-169.1219,9.6359,67.2127,9,283956,50
181924,SLG,0,0.222967,-16.8148,1.669244,-150.7881,1.273512,119.0586,7.5334,-44.2781,45.9871,-178.6039,46.7199,91.5725,10,189963,50
181924,SLG,0,0.155153,-17.6187,1.714435,-150.5968,1.29411,121.1853,15.3532,-44.5554,21.1792,-161.9316,18.6913,67.5372,11,181977,50
181924,SLG,0,0.000686,-112.4746,1.816404,-150.2306,1.349725,125.6395,4937.4889,-112.4746,0.0,-60.1869,0.0,-144.3157,12,181924,50
181924,SLG,0,0.029563,-96.9543,1.846486,-149.146,1.341968,127.0516,291.4319,49.4465,1740.6823,14.7979,1103.4228,-64.3365,13,181993,50
181924,SLG,0,0.052318,-101.1331,1.87734,-148.2347,1.340423,128.3327,290.5262,49.7163,1715.1442,18.0931,1091.1517,-60.4957,14,181994,50
181924,SLG,0,0.044118,-108.9302,1.868918,-148.5446,1.343927,128.1879,0.8303,-136.3404,33.5745,-176.2578,19.7549,100.7825,15,181891,50
181924,SLG,0,0.09149,-104.3237,1.942694,-146.9637,1.348917,130.3207,0.0,-8.5535,0.0,-56.023,0.0,-139.4715,16,255335,50
181924,SLG,0,0.09149,-104.3237,1.942694,-146.9637,1.348917,130.3207,0.0,-14.3288,0.0,-56.9548,0.0,-139.6869,17,182030,50
181924,SLG,0,0.182509,-108.2684,2.141661,-145.2163,1.411242,133.86,291.119,-129.3762,1738.2104,-162.0104,1101.264,119.173,18,182153,50
181924,SLG,0,0.217741,-108.8452,2.208387,-144.4878,1.428318,135.3392,291.3876,50.6175,1740.8088,17.9744,1106.3501,-60.8837,19,182158,50
181924,SLG,0,0.252988,-109.2505,2.273833,-143.7775,1.445086,136.8192,291.4931,52.071,1750.7172,18.0126,1112.6363,-61.2531,20,182162,50
181924,LL,0,0.556676,-35.9467,0.498624,-164.1195,1.319664,98.7967,6.9582,-76.499,6.1947,-155.8715,10.1335,66.5725,8,283954,50
181924,LL,0,0.556556,-35.9411,0.498516,-164.125,1.319479,98.799,6.9582,-76.499,6.1947,-155.8715,10.1335,66.5725,9,283956,50
181924,LL,0,0.19534,-19.0514,0.215981,-131.4133,1.521961,101.2838,6.6001,-46.5172,6.5375,-159.0805,55.8343,73.7979,10,189963,50
181924,LL,0,0.136823,-19.2243,0.151394,-132.4397,1.555418,102.1451,11.0781,-94.6774,11.3045,-117.742,21.8129,74.0928,11,181977,50
181924,LL,0,0.000781,-71.0649,0.001066,133.9628,1.633997,103.9324,5625.1001,-71.0649,7675.7305,133.9628,0.0,-165.9891,12,181924,50
181924,LL,0,0.014146,-168.6655,0.025606,-169.1435,1.646849,105.0866,196.1321,-19.6114,211.212,-18.5739,1474.0195,-89.7402,13,181993,50
181924,LL,0,0.030077,-172.1504,0.041654,-171.2557,1.662916,106.0919,195.7291,-19.4141,210.5167,-18.2367,1453.2997,-86.2509,14,181994,50
181924,LL,0,0.024683,175.6772,0.035933,-179.4876,1.66047,105.8531,0.4645,148.2674,0.7092,152.9464,24.4078,78.448,15,181891,50
181924,LL,0,0.057385,-174.5817,0.06925,-173.4285,1.702375,107.5535,0.0,-76.686,0.0,-77.0398,0.0,-162.0029,16,255335,50
181924,LL,0,0.057385,-174.5817,0.06925,-173.4285,1.702375,107.5535,0.0,-84.5375,0.0,-83.4509,0.0,-162.4614,17,182030,50
181924,LL,0,0.120421,-177.8933,0.133408,-176.7967,1.838991,109.7869,195.6498,161.4745,211.0771,162.581,1467.2886,93.6056,18,182153,50
181924,LL,0,0.144873,-178.3369,0.158188,-177.3013,1.882666,110.7179,195.8283,-18.5322,211.2808,-17.426,1473.9712,-86.4441,19,182158,50
181924,LL,0,0.169335,-178.6477,0.182962,-177.6637,1.925314,111.6348,195.2958,-17.2701,210.9386,-16.2555,1482.3498,-86.5314,20,182162,50
181924,3LG,0,0.197265,-13.3165,0.197463,-133.3033,0.197404,106.7187,6.6648,-40.7816,5.977,-160.9727,7.96,79.3493,10,189963,50
181924,3LG,0,0.138914,-13.9408,0.139068,-133.9178,0.139007,106.1003,2.3545,-41.8573,2.5408,-161.8317,2.3555,78.0661,11,181977,50
181924,3LG,0,0.001041,-86.5958,0.001042,153.4249,0.001042,33.4117,7498.088,-86.5958,7502.3142,153.4249,7501.1314,33.4117,12,181924,50
181924,3LG,0,0.006615,-19.7303,0.006622,-139.6979,0.006618,100.306,9.2501,144.175,9.2148,24.2399,9.2207,-95.7951,13,181993,50
181924,3LG,0,0.006694,-18.9088,0.006699,-138.8814,0.006696,101.1199,9.1551,146.3855,9.1199,26.4616,9.1256,-93.5766,14,181994,50
181924,3LG,0,0.006653,-19.0955,0.00666,-139.0712,0.006658,100.9475,0.1252,-46.5119,0.1315,-166.6429,0.1076,73.6547,15,181891,50
181924,3LG,0,0.006899,-17.8311,0.006903,-137.8096,0.006901,102.1868,0.0,73.1601,0.0,-46.8396,0.0,-167.5228,16,255335,50
181924,3LG,0,0.006899,-17.8311,0.006903,-137.8096,0.006901,102.1868,0.0,72.1765,0.0,-47.8093,0.0,-167.8081,17,182030,50
181924,3LG,0,0.007648,-16.7151,0.007649,-136.6889,0.007646,103.295,9.221,-33.7033,9.2219,-153.6718,9.1973,86.3294,18,182153,50
181924,3LG,0,0.007869,-16.1622,0.007871,-136.1351,0.007867,103.8474,9.2307,146.2861,9.2321,26.3171,9.2279,-93.7044,19,182158,50
181924,3LG,0,0.008081,-15.6065,0.008082,-135.5786,0.008078,104.4027,9.2911,146.2199,9.2928,26.2478,9.2883,-93.7708,20,182162,50
181993,SLG,0,0.2878,-18.9989,1.651423,-150.3479,1.261089,118.2366,9.7239,-46.4627,45.4962,-178.1637,46.2642,90.7505,10,189963,50
181993,SLG,0,0.225075,-19.9778,1.694988,-150.1329,1.28001,120.3224,15.8716,-46.1735,20.976,-162.3178,19.057,68.562,11,181977,50
181993,SLG,0,0.088224,-24.7776,1.792369,-149.6258,1.328705,124.6774,0.0,65.1576,0.0,-59.6223,0.0,-145.228,12,181924,50
181993,SLG,0,0.000635,-113.799,1.836264,-149.8744,1.364198,126.5024,4334.6484,-112.5467,1734.4059,13.9648,1127.0739,-64.9141,13,181993,50
181993,SLG,0,0.023379,-110.1311,1.86746,-148.9743,1.363363,127.7874,254.0959,44.3195,1708.822,17.2522,1114.5503,-61.092,14,181994,50
181993,SLG,0,0.080291,-49.4735,1.845692,-148.2535,1.332146,127.2311,1.5113,-76.8819,33.1573,-175.9667,19.5818,99.8258,15,181891,50
181993,SLG,0,0.06211,-111.2937,1.933272,-147.7227,1.373238,129.7775,0.0,-12.0701,0.0,-56.6579,0.0,-140.0423,16,255335,50
181993,SLG,0,0.06211,-111.2937,1.933272,-147.7227,1.373238,129.7775,0.0,-21.3453,0.0,-57.7337,0.0,-140.2411,17,182030,50
181993,SLG,0,0.150822,-113.8088,2.132819,-146.0162,1.439345,133.3062,254.1019,-134.6397,1731.815,-162.8475,1124.8328,118.585,18,182153,50
181993,SLG,0,0.185397,-114.0627,2.199818,-145.3032,1.457789,134.7776,254.3301,45.3541,1734.4034,17.1373,1130.0219,-61.4715,19,182158,50
181993,SLG,0,0.220023,-114.225,2.26553,-144.6081,1.475919,136.2476,253.7333,47.0235,1744.3122,17.1804,1136.3928,-61.8287,20,182162,50
181993,LL,0,0.249928,-19.7004,0.283692,-133.2459,1.505762,101.247,8.4444,-47.1659,8.587,-160.9138,55.24,73.761,10,189963,50
181993,LL,0,0.194898,-19.7856,0.224141,-134.072,1.537787,102.1109,11.1229,-89.809,11.459,-123.2474,21.4583,73.8584,11,181977,50
181993,LL,0,0.070754,-20.186,0.092014,-136.0373,1.611412,103.9518,0.0,69.6559,0.0,-45.6511,0.0,-166.015,12,181924,50
181993,LL,0,0.000732,-71.6113,0.000996,132.8003,1.649498,104.4472,5390.7466,-70.2196,7010.5196,132.2359,1480.1588,-90.4555,13,181993,50
181993,LL,0,0.015616,-176.2804,0.016524,178.5457,1.666142,105.446,176.5885,-23.7796,177.8069,-24.33,1459.2797,-86.9762,14,181994,50
181993,LL,0,0.03686,-25.1786,0.09513,-146.8683,1.642214,105.6836,0.694,-52.5955,1.8779,-174.4363,24.1395,78.2785,15,181891,50
181993,LL,0,0.042528,-179.1273,0.043513,178.9289,1.706563,106.8951,0.0,-79.7521,0.0,-79.9848,0.0,-162.6578,16,255335,50
181993,LL,0,0.042528,-179.1273,0.043513,178.9289,1.706563,106.8951,0.0,-89.1595,0.0,-91.0938,0.0,-163.0956,17,182030,50
181993,LL,0,0.104089,177.8038,0.105271,176.958,1.845301,109.0977,176.2401,157.1953,177.7616,156.624,1473.3028,92.8844,18,182153,50
181993,LL,0,0.128106,177.4723,0.129344,176.7724,1.889781,110.0161,176.3976,-22.8111,177.9278,-23.3828,1480.0096,-87.1652,19,182158,50
181993,LL,0,0.152154,177.2491,0.153446,176.6497,1.933222,110.9201,175.589,-21.4186,177.0899,-22.0117,1488.4344,-87.2477,20,182162,50
181993,3LG,0,0.25775,-14.1296,0.258078,-134.0893,0.25787,105.9193,8.7084,-41.5946,7.8118,-161.7587,10.3981,78.5499,10,189963,50
181993,3LG,0,0.203295,-14.3883,0.203582,-134.3343,0.203375,105.6676,3.4454,-42.2875,3.7187,-162.2598,3.4473,77.6288,11,181977,50
181993,3LG,0,0.079844,-13.4784,0.079961,-133.4116,0.079861,106.5819,0.0,76.5147,0.0,-43.4709,0.0,-163.3583,12,181924,50
181993,3LG,0,0.000976,-87.5264,0.000976,152.5056,0.000976,32.4816,7021.9426,-87.5233,7027.277,152.5087,7024.6761,32.4847,13,181993,50
181993,3LG,0,0.000987,-86.7043,0.000988,153.3215,0.000987,33.2954,1.35,78.5943,1.3445,-41.3388,1.3458,-161.402,14,181994,50
181993,3LG,0,0.068496,-12.2277,0.068591,-132.1718,0.068528,107.8336,1.2894,-39.6441,1.354,-159.7434,1.1074,80.5407,15,181891,50
181993,3LG,0,0.001017,-85.6257,0.001018,154.3926,0.001018,34.3623,0.0,5.2834,0.0,-114.6857,0.0,124.8072,16,255335,50
181993,3LG,0,0.001017,-85.6257,0.001018,154.3926,0.001018,34.3623,0.0,4.3793,0.0,-115.6299,0.0,124.3837,17,182030,50
181993,3LG,0,0.001128,-84.5078,0.001128,155.5117,0.001128,35.4702,1.3597,-101.4946,1.3595,138.5278,1.3564,18.5041,18,182153,50
181993,3LG,0,0.00116,-83.9543,0.00116,156.065,0.00116,36.0224,1.3612,78.4948,1.361,-41.4832,1.3609,-161.5297,19,182158,50
181993,3LG,0,0.001192,-83.398,0.001192,156.621,0.001191,36.5776,1.3701,78.4285,1.37,-41.5525,1.3698,-161.596,20,182162,50
181994,SLG,0,0.349685,-22.1762,1.633126,-149.7261,1.243968,117.3644,11.8147,-49.6401,44.9921,-177.5419,45.6361,89.8783,10,189963,50
181994,SLG,0,0.292288,-23.5515,1.675023,-149.4783,1.260863,119.4116,16.4651,-47.4421,20.9442,-162.8656,19.449,69.3003,11,181977,50
181994,SLG,0,0.167606,-28.7309,1.768799,-148.9069,1.304963,123.7058,0.0,61.7251,0.0,-58.8962,0.0,-146.2192,12,181924,50
181994,SLG,0,0.086109,-33.5512,1.811494,-149.1089,1.337537,125.5494,4020.9673,-112.6919,1723.905,13.5684,1136.7427,-65.5595,13,181993,50
181994,SLG,0,0.000587,-114.029,1.852957,-149.3113,1.372539,127.1247,4025.6658,-112.7047,1696.6603,16.8147,1124.7908,-61.8425,14,181994,50
181994,SLG,0,0.160767,-39.4751,1.819013,-147.5421,1.307303,126.1484,3.0262,-66.8878,32.678,-175.2553,19.2166,98.743,15,181891,50
181994,SLG,0,0.038303,-114.3242,1.918656,-148.0807,1.383278,129.1042,0.0,-7.8434,0.0,-57.0845,0.0,-140.7031,16,255335,50
181994,SLG,0,0.038303,-114.3242,1.918656,-148.0807,1.383278,129.1042,0.0,-24.2954,0.0,-58.0864,0.0,-140.9279,17,182030,50
181994,SLG,0,0.123825,-116.6767,2.117388,-146.4163,1.451494,132.6019,221.2498,-137.6618,1719.532,-163.2824,1135.173,117.8404,18,182153,50
181994,SLG,0,0.157387,-116.8306,2.184132,-145.7189,1.4707,134.0589,221.4432,42.3325,1722.1021,16.7025,1140.4072,-62.216,19,182158,50
181994,SLG,0,0.191034,-116.9193,2.249586,-145.0387,1.489575,135.5136,220.453,44.2465,1732.012,16.7488,1146.8896,-62.5653,20,182162,50
181994,LL,0,0.309694,-21.209,0.351603,-137.0831,1.488923,101.3123,10.4636,-48.6744,10.6426,-164.7513,54.6222,73.8264,10,189963,50
181994,LL,0,0.25856,-21.4451,0.297722,-138.3247,1.519505,102.1846,11.3154,-84.8116,11.691,-129.2594,21.0945,73.488,11,181977,50
181994,LL,0,0.143388,-22.4391,0.178303,-141.9911,1.59,104.0442,0.0,67.7572,0.0,-52.2409,0.0,-165.8856,12,181924,50
181994,LL,0,0.077499,-24.435,0.094761,-148.2863,1.626701,104.5718,4987.1279,-70.4193,6487.5908,132.1599,1480.6761,-90.9129,13,181993,50
181994,LL,0,0.000678,-71.6903,0.000922,132.609,1.6636,105.0123,4990.2253,-70.4536,6492.7685,132.1515,1459.1487,-87.4909,14,181994,50
181994,LL,0,0.113486,-23.9044,0.183653,-146.2282,1.618896,105.7347,2.1363,-51.321,3.6254,-173.798,23.7967,78.3296,15,181891,50
181994,LL,0,0.025997,177.7909,0.026961,174.9994,1.704582,106.4468,0.0,-78.1654,0.0,-81.6868,0.0,-163.2392,16,255335,50
181994,LL,0,0.025997,177.7909,0.026961,174.9994,1.704582,106.4468,0.0,-92.2802,0.0,-94.9375,0.0,-163.5269,17,182030,50
181994,LL,0,0.085366,174.4831,0.086512,173.5748,1.844375,108.6168,153.4611,153.7655,154.9308,153.1909,1473.1787,92.3726,18,182153,50
181994,LL,0,0.108689,174.2335,0.109885,173.5064,1.889269,109.5222,153.5945,-26.2406,155.0716,-26.8156,1479.8832,-87.6768,19,182158,50
181994,LL,0,0.132069,174.0734,0.133313,173.4646,1.933115,110.4133,152.5283,-24.66,153.9753,-25.2609,1488.3363,-87.7557,20,182162,50
181994,3LG,0,0.323559,-16.9217,0.324088,-136.8527,0.323628,103.1439,10.9318,-44.3868,9.8098,-164.5221,13.0497,75.7745,10,189963,50
181994,3LG,0,0.27371,-17.468,0.274196,-137.3825,0.273739,102.6053,4.6385,-45.3482,5.0074,-165.3194,4.6415,74.5598,11,181977,50
181994,3LG,0,0.160685,-18.6594,0.160971,-138.561,0.16067,101.4157,0.0,71.3876,0.0,-48.5092,0.0,-168.5342,12,181924,50
181994,3LG,0,0.087818,-23.3587,0.087963,-143.2627,0.087809,96.7091,6494.8705,-87.6547,6501.4507,152.3881,6497.3101,32.3549,13,181993,50
181994,3LG,0,0.000903,-87.6761,0.000904,152.3667,0.000903,32.3336,6499.2671,-87.6733,6505.8566,152.3695,6501.7084,32.3363,14,181994,50
181994,3LG,0,0.151439,-17.7119,0.15169,-137.6231,0.151457,102.3627,2.8506,-45.1284,2.9945,-165.1948,2.4476,75.0698,15,181891,50
181994,3LG,0,0.000931,-86.5979,0.000931,153.4386,0.000931,33.4,0.0,4.3655,0.0,-115.5742,0.0,123.6901,16,255335,50
181994,3LG,0,0.000931,-86.5979,0.000931,153.4386,0.000931,33.4,0.0,3.4029,0.0,-116.5462,0.0,123.4072,17,182030,50
181994,3LG,0,0.001032,-85.4808,0.001032,154.5593,0.001031,34.5071,1.2438,-102.4683,1.2441,137.5765,1.2407,17.5407,18,182153,50
181994,3LG,0,0.001062,-84.9276,0.001062,155.1131,0.001061,35.0591,1.2452,77.5211,1.2455,-42.4345,1.2448,-162.4931,19,182158,50
181994,3LG,0,0.00109,-84.3716,0.00109,155.6696,0.00109,35.6141,1.2533,77.4549,1.2536,-42.5038,1.253,-162.5594,20,182162,50
181891,SLG,0,0.432076,-31.4139,1.601395,-148.2492,1.20491,115.7671,14.5983,-58.878,44.1179,-176.0651,44.2032,88.281,10,189963,50
181891,SLG,0,0.384839,-34.1096,1.640584,-147.9277,1.217728,117.7586,16.6711,-49.7654,20.7543,-163.6224,19.7743,68.6951,11,181977,50
181891,SLG,0,0.285164,-42.5056,1.728439,-147.2084,1.252576,121.9709,0.0,47.3287,0.0,-57.2344,0.0,-148.009,12,181924,50
181891,SLG,0,0.285802,-45.5801,1.755455,-146.4236,1.251985,123.2488,519.1288,99.1364,1621.36,17.4024,1015.6174,-70.2741,13,181993,50
181891,SLG,0,0.299822,-47.4214,1.780305,-145.546,1.249483,124.2781,510.1216,100.5924,1596.9418,20.7651,1001.638,-66.4025,14,181994,50
181891,SLG,0,0.00055,-107.1034,1.820343,-149.1202,1.357503,126.0748,3956.5856,-107.1035,32.7019,-176.8335,19.9545,98.6694,15,181891,50
181891,SLG,0,0.326701,-50.491,1.834836,-144.3145,1.254956,125.8549,0.0,41.3288,0.0,-53.3409,0.0,-144.0368,16,255335,50
181891,SLG,0,0.326701,-50.491,1.834836,-144.3145,1.254956,125.8549,0.0,39.4994,0.0,-54.3205,0.0,-144.1446,17,182030,50
181891,SLG,0,0.400883,-56.7972,2.006938,-142.6001,1.305219,128.5775,515.602,-79.0994,1618.9681,-159.3581,1011.8055,113.2726,18,182153,50
181891,SLG,0,0.427668,-58.6223,2.063561,-141.8756,1.317358,129.7512,516.1344,100.8935,1621.3964,20.6266,1016.5146,-66.782,19,182158,50
181891,SLG,0,0.454362,-60.227,2.118921,-141.1647,1.32881,130.9367,521.727,101.4061,1631.2371,20.6354,1022.9042,-67.1395,20,182162,50
181891,LL,0,0.395226,-29.0869,0.442731,-147.1235,1.456223,101.7562,13.3534,-56.552,13.4009,-174.7921,53.4226,74.2703,10,189963,50
181891,LL,0,0.351204,-30.5832,0.399584,-149.5617,1.484272,102.6633,11.8888,-79.966,12.0869,-138.5063,20.7187,71.842,11,181977,50
181891,LL,0,0.253537,-35.7593,0.30558,-156.5383,1.549248,104.5959,0.0,54.5012,0.0,-66.0799,0.0,-165.3514,12,181924,50
181891,LL,0,0.239134,-37.6234,0.308423,-157.2639,1.563822,105.5258,254.2368,106.1227,553.9801,2.497,1377.9027,-90.0297,13,181993,50
181891,LL,0,0.234794,-39.0069,0.32353,-156.7881,1.576412,106.4276,246.6128,108.6127,548.288,4.1773,1357.1864,-86.4938,14,181994,50
181891,LL,0,0.000634,-68.129,0.000844,137.8975,1.645671,104.9048,4567.2633,-68.129,6073.2785,137.8974,24.1903,77.4997,15,181891,50
181891,LL,0,0.229789,-41.618,0.352408,-156.4228,1.609119,107.7323,0.0,48.7825,0.0,-64.6411,0.0,-161.9796,16,255335,50
181891,LL,0,0.229789,-41.618,0.352408,-156.4228,1.609119,107.7323,0.0,48.3573,0.0,-66.4452,0.0,-162.2813,17,182030,50
181891,LL,0,0.228594,-48.3313,0.430841,-156.98,1.727339,109.6924,250.9312,-71.5384,553.9281,-175.6394,1370.4871,93.3535,18,182153,50
181891,LL,0,0.226373,-50.9415,0.458124,-157.0163,1.764032,110.5297,251.215,108.4541,554.5211,4.3512,1376.7619,-86.6959,19,182158,50
181891,LL,0,0.224199,-53.5991,0.484907,-157.0263,1.799618,111.3606,256.5453,108.2651,557.7026,4.6703,1385.319,-86.8,20,182162,50
181891,3LG,0,0.414555,-26.2078,0.415418,-146.1041,0.414393,93.8757,14.0062,-53.6729,12.5743,-173.7734,16.7096,66.5063,10,189963,50
181891,3LG,0,0.373305,-27.9543,0.374108,-147.8319,0.373085,92.1328,6.3252,-55.8083,6.83,-175.7887,6.329,64.0827,11,181977,50
181891,3LG,0,0.280745,-33.1688,0.281257,-153.0364,0.280473,86.9009,0.0,56.9131,0.0,-62.9888,0.0,176.9254,12,181924,50
181891,3LG,0,0.273737,-33.2739,0.274177,-153.146,0.273448,86.7839,382.9129,130.6361,381.4335,10.8092,380.9412,-109.3387,13,181993,50
181891,3LG,0,0.276995,-32.4515,0.277375,-152.3277,0.27667,87.595,378.9797,132.8459,377.5073,13.0316,377.0049,-107.12,14,181994,50
181891,3LG,0,0.000831,-83.2368,0.000832,156.8084,0.000831,36.7668,5980.9379,-83.2368,5989.0796,156.8083,5981.6336,36.7667,15,181891,50
181891,3LG,0,0.285524,-31.3727,0.285799,-151.2525,0.285123,88.6575,0.0,59.3364,0.0,-60.5336,0.0,179.0452,16,255335,50
181891,3LG,0,0.285524,-31.3727,0.285799,-151.2525,0.285123,88.6575,0.0,58.6225,0.0,-61.2746,0.0,178.6401,17,182030,50
181891,3LG,0,0.316552,-30.255,0.316666,-150.125,0.315896,89.7573,381.7073,-47.2427,381.731,-167.1021,379.9701,72.786,18,182153,50
181891,3LG,0,0.325745,-29.7017,0.325826,-149.5687,0.325037,90.3067,382.1108,132.7467,382.1525,12.8868,381.2372,-107.2478,19,182158,50
181891,3LG,0,0.334511,-29.1457,0.334562,-149.0098,0.333753,90.8592,384.608,132.6809,384.6656,12.8171,383.7345,-107.3141,20,182162,50
255335,SLG,0,0.443275,-28.3751,1.609244,-148.3642,1.207317,116.1228,14.9767,-55.8393,44.3342,-176.1801,44.2915,88.6368,10,189963,50
255335,SLG,0,0.395126,-30.3649,1.648911,-148.0421,1.220393,118.1278,16.7944,-48.8121,20.8103,-163.612,19.6238,69.3029,11,181977,50
255335,SLG,0,0.291849,-36.4031,1.737874,-147.3233,1.255901,122.3688,0.0,53.5256,0.0,-57.4658,0.0,-147.5913,12,181924,50
255335,SLG,0,0.222403,-41.5583,1.779302,-147.4354,1.2834,124.2739,3544.7118,-110.9215,1707.7738,13.71,1129.5459,-66.3211,13,181993,50
255335,SLG,0,0.148098,-47.4966,1.819938,-147.5623,1.313845,125.9308,3556.2781,-110.9917,1678.4358,16.9052,1118.6333,-62.7288,14,181994,50
255335,SLG,0,0.293253,-41.1196,1.783236,-145.9376,1.255573,124.636,5.5201,-68.5341,32.0353,-173.6509,18.4562,97.2307,15,181891,50
255335,SLG,0,0.000517,-112.1891,1.897413,-147.9658,1.377011,128.2491,3722.7862,-112.1891,0.0,-56.9248,0.0,-141.637,16,255335,50
255335,SLG,0,0.000517,-112.1891,1.897413,-147.9658,1.377011,128.2491,0.0,-16.6992,0.0,-57.985,0.0,-141.7446,17,182030,50
255335,SLG,0,0.094962,-110.1444,2.095467,-146.2893,1.443627,131.7735,182.9204,-134.6551,1701.1339,-163.1912,1129.0632,116.9555,18,182153,50
255335,SLG,0,0.126469,-112.1409,2.161257,-145.6098,1.46293,133.2054,183.0758,45.3408,1703.6772,16.7937,1134.2703,-63.1006,19,182158,50
255335,SLG,0,0.158181,-113.3416,2.22575,-144.9466,1.481874,134.635,182.4592,47.6819,1713.615,16.8407,1140.9001,-63.4454,20,182162,50
255335,LL,0,0.417557,-25.6715,0.456178,-145.4922,1.462759,101.6371,14.1078,-53.1366,13.8079,-173.1608,53.6624,74.1512,10,189963,50
255335,LL,0,0.373982,-26.3503,0.412886,-147.4977,1.491151,102.5357,11.9106,-77.79,12.1844,-139.54,20.4644,72.3343,11,181977,50
255335,LL,0,0.27636,-28.5846,0.317838,-153.0494,1.556903,104.4509,0.0,61.169,0.0,-62.8656,0.0,-165.6186,12,181924,50
255335,LL,0,0.219588,-30.9523,0.251045,-159.294,1.591683,105.0389,4247.1172,-68.3934,5613.2139,134.6986,1475.8333,-91.2264,13,181993,50
255335,LL,0,0.153154,-34.391,0.173152,-166.4171,1.627061,105.5366,4254.5452,-68.5238,5625.9594,134.6409,1453.5459,-87.8782,14,181994,50
255335,LL,0,0.253797,-29.3677,0.328411,-154.1638,1.582579,106.0932,4.7775,-56.784,6.483,178.2653,23.2629,78.6881,15,181891,50
255335,LL,0,0.000581,-69.363,0.000802,135.0751,1.696404,106.0957,4181.3191,-69.363,5772.1226,135.0751,0.0,-163.5487,16,255335,50
255335,LL,0,0.000581,-69.363,0.000802,135.0751,1.696404,106.0957,0.0,30.3432,0.0,-131.855,0.0,-163.9146,17,182030,50
255335,LL,0,0.038142,179.7056,0.085534,173.4051,1.836815,108.2781,94.6828,153.0366,152.3114,152.4169,1467.5275,91.9875,18,182153,50
255335,LL,0,0.059347,176.3305,0.108314,172.9793,1.881852,109.1627,94.7551,-26.9664,152.4503,-27.5894,1474.2059,-88.0617,19,182158,50
255335,LL,0,0.080765,174.7096,0.131148,172.702,1.925826,110.0334,93.4674,-24.3753,151.448,-26.0261,1482.7,-88.1369,20,182162,50
255335,3LG,0,0.436094,-24.1786,0.437125,-144.0664,0.436011,95.9173,14.7339,-51.6437,13.2313,-171.7358,17.5814,68.5479,10,189963,50
255335,3LG,0,0.395363,-25.3969,0.396349,-145.2657,0.39523,94.7061,6.6999,-53.2453,7.2351,-173.2189,6.7048,66.6465,11,181977,50
255335,3LG,0,0.303384,-28.7785,0.304106,-148.6357,0.303214,91.3201,0.0,61.2107,0.0,-58.6557,0.0,-178.6629,12,181924,50
255335,3LG,0,0.2444,-33.3282,0.244942,-153.1912,0.244268,86.7599,5572.5437,-85.2336,5581.289,154.8228,5574.5246,34.7818,13,181993,50
255335,3LG,0,0.171982,-38.8937,0.172334,-158.7634,0.171892,81.1826,5583.2363,-85.3196,5592.017,154.7369,5585.2219,34.6961,14,181994,50
255335,3LG,0,0.298183,-27.9884,0.29884,-147.8533,0.298064,92.1081,5.6129,-55.4049,5.8993,-175.4249,4.8167,64.8152,15,181891,50
255335,3LG,0,0.00078,-85.1677,0.000781,154.8886,0.00078,34.8477,5612.4349,-85.1677,5621.1161,154.8886,5614.3077,34.8477,16,255335,50
255335,3LG,0,0.00078,-85.1677,0.000781,154.8886,0.00078,34.8477,0.0,4.8418,0.0,-115.1244,0.0,124.8613,17,182030,50
255335,3LG,0,0.027567,-41.6366,0.027613,-161.5586,0.027563,78.4016,33.2391,-58.6273,33.2892,-178.5381,33.1534,61.4357,18,182153,50
255335,3LG,0,0.028367,-41.0849,0.028413,-161.0032,0.02836,78.9536,33.2742,121.3621,33.326,1.4509,33.264,-118.5981,19,182158,50
255335,3LG,0,0.029129,-40.5305,0.029176,-160.4452,0.029121,79.5086,33.4919,121.2961,33.5451,1.3815,33.4817,-118.6646,20,182162,50
182030,SLG,0,0.464808,-30.8344,1.602708,-147.8549,1.193822,115.7512,15.7042,-58.2986,44.1541,-175.6707,43.7964,88.2652,10,189963,50
182030,SLG,0,0.419525,-33.1097,1.641788,-147.5062,1.205611,117.7476,16.6583,-49.234,20.7181,-163.7242,19.5672,68.8792,11,181977,50
182030,SLG,0,0.323175,-39.775,1.729476,-146.7339,1.23822,121.9815,0.0,50.2618,0.0,-56.6007,0.0,-148.0092,12,181924,50
182030,SLG,0,0.257939,-45.4483,1.770583,-146.818,1.264131,123.91,3439.6139,-109.257,1695.8391,14.4496,1106.1486,-66.73,13,181993,50
182030,SLG,0,0.187858,-52.1954,1.810975,-146.9206,1.293112,125.594,3452.479,-109.362,1666.8525,17.6535,1095.3578,-63.117,14,181994,50
182030,SLG,0,0.327927,-43.7211,1.773558,-145.3307,1.236766,124.2019,6.1728,-71.136,31.8615,-173.044,18.1798,96.7966,15,181891,50
182030,SLG,0,0.047597,-72.7968,1.888046,-147.2869,1.353816,127.9615,3673.7852,-110.1575,0.0,-56.828,0.0,-141.7346,16,255335,50
182030,SLG,0,0.00051,-110.1575,1.887698,-147.5576,1.362662,127.9118,3673.7852,-110.1575,0.0,-57.4323,0.0,-142.1179,17,182030,50
182030,SLG,0,0.138373,-94.7802,2.082695,-145.5779,1.416333,131.4121,228.0871,-121.166,1689.4304,-162.4472,1105.7627,116.5606,18,182153,50
182030,SLG,0,0.168712,-98.1786,2.147227,-144.886,1.434085,132.8208,228.2958,58.8301,1691.9572,17.5377,1110.8705,-63.4955,19,182158,50
182030,SLG,0,0.19949,-100.546,2.210475,-144.2102,1.451439,134.2299,229.4767,60.6543,1701.8475,17.5789,1117.4418,-63.848,20,182162,50
182030,LL,0,0.443021,-26.848,0.486257,-148.3109,1.455464,101.8585,14.9682,-54.3131,14.7184,-175.9796,53.3948,74.3726,10,189963,50
182030,LL,0,0.401253,-27.6126,0.446529,-150.5196,1.483303,102.772,12.1376,-76.2618,12.3811,-142.3738,20.3397,71.8497,11,181977,50
182030,LL,0,0.307887,-30.0239,0.359785,-156.4492,1.547868,104.7177,0.0,59.897,0.0,-66.7236,0.0,-165.3236,12,181924,50
182030,LL,0,0.253319,-32.376,0.298627,-162.6649,1.582265,105.3259,4054.5357,-67.543,5377.1963,136.1563,1463.9495,-90.8753,13,181993,50
182030,LL,0,0.189519,-35.672,0.226386,-169.6696,1.617329,105.8418,4062.6581,-67.7052,5391.7384,136.0713,1441.8952,-87.519,14,181994,50
182030,LL,0,0.287091,-30.8002,0.372247,-157.0918,1.572557,106.3618,5.4042,-58.2164,7.3484,175.3372,23.1156,78.9567,15,181891,50
182030,LL,0,0.042624,-42.5712,0.063103,176.1263,1.686154,106.4288,4047.5735,-68.4579,5609.7082,136.8791,0.0,-162.9921,16,255335,50
182030,LL,0,0.000562,-68.4579,0.000779,136.8791,1.689572,106.2476,4047.5735,-68.4579,5609.7082,136.8791,0.0,-163.701,17,182030,50
182030,LL,0,0.032501,-94.7072,0.152911,176.519,1.823725,108.6182,56.0322,-170.3805,232.3245,156.7664,1455.805,92.3428,18,182153,50
182030,LL,0,0.037501,-126.2038,0.177216,176.3979,1.867717,109.5066,56.0759,9.635,232.5529,-23.2412,1462.4347,-87.7065,19,182158,50
182030,LL,0,0.050306,-146.1468,0.201468,176.3177,1.910652,110.3816,57.4388,14.1724,232.2469,-22.2159,1471.0052,-87.7872,20,182162,50
182030,3LG,0,0.467558,-26.1504,0.468753,-146.0293,0.467428,93.9523,15.797,-53.6155,14.1887,-173.6987,18.8482,66.5829,10,189963,50
182030,3LG,0,0.429554,-27.4721,0.430706,-147.3319,0.429371,92.6372,7.2793,-55.3134,7.8614,-175.2883,7.2848,64.5739,11,181977,50
182030,3LG,0,0.343889,-31.0537,0.344761,-150.9039,0.34367,89.0491,0.0,59.125,0.0,-60.9169,0.0,179.1611,12,181924,50
182030,3LG,0,0.288943,-35.3978,0.289628,-155.2558,0.288772,84.6934,5323.5067,-84.0127,5332.8526,156.047,5325.3911,36.0056,13,181993,50
182030,3LG,0,0.22088,-40.5632,0.221366,-160.4305,0.220761,79.5153,5335.5619,-84.1267,5344.9516,155.9332,5337.4525,35.8919,14,181994,50
182030,3LG,0,0.339863,-30.2583,0.340662,-150.1158,0.339698,89.8421,6.3975,-57.6747,6.7249,-177.6874,5.4895,62.5493,15,181891,50
182030,3LG,0,0.057642,-49.3576,0.057756,-169.2577,0.057632,70.6954,5435.2754,-83.7083,5444.3347,156.3517,5436.7456,36.3095,16,255335,50
182030,3LG,0,0.000755,-83.7083,0.000756,156.3517,0.000755,36.3095,5435.2754,-83.7083,5444.3347,156.3517,5436.7456,36.3095,17,182030,50
182030,3LG,0,0.089745,-45.5505,0.089889,-165.4446,0.089684,74.4947,108.212,-62.5411,108.3665,177.5776,107.8733,57.5274,18,182153,50
182030,3LG,0,0.092349,-44.9988,0.092493,-164.8885,0.092278,75.0459,108.3264,117.4482,108.4862,-2.4335,108.233,-122.5064,19,182158,50
182030,3LG,0,0.094833,-44.4443,0.094976,-164.3298,0.094752,75.6002,109.0349,117.3824,109.1994,-2.5029,108.9417,-122.573,20,182162,50
182153,SLG,0,0.485607,-43.1643,1.702029,-144.3966,1.170455,120.5133,0.0,46.76,0.0,-54.4871,0.0,-149.5234,12,181924,50
182153,SLG,0,0.434404,-47.2714,1.742615,-144.3502,1.189676,122.5505,2867.4942,-105.3753,1699.4496,14.5407,1103.9936,-66.5159,13,181993,50
182153,SLG,0,0.377596,-51.4219,1.783046,-144.3456,1.212676,124.3749,2888.0132,-105.6283,1667.0298,17.6465,1095.5242,-63.1002,14,181994,50
182153,SLG,0,0.498459,-44.6625,1.740373,-142.9356,1.165467,122.4866,9.3828,-72.078,31.2653,-170.6488,17.1317,95.0814,15,181891,50
182153,SLG,0,0.275027,-57.5909,1.861869,-144.5069,1.26208,127.0705,0.0,34.7521,0.0,-53.5757,0.0,-142.8529,16,255335,50
182153,SLG,0,0.275027,-57.5909,1.861869,-144.5069,1.26208,127.0705,0.0,32.3914,0.0,-54.532,0.0,-142.9108,17,182030,50
182153,SLG,0,0.000408,-106.638,2.082324,-145.4486,1.412274,131.4339,2884.8582,74.2801,1689.5431,-162.4381,1105.692,116.5782,18,182153,50
182153,SLG,0,0.028423,-122.443,2.147362,-144.8127,1.432046,132.8539,68.8286,31.1501,1692.0705,17.5468,1110.7876,-63.4777,19,182158,50
182153,SLG,0,0.056699,-122.5714,2.211066,-144.1908,1.451461,134.27,66.0979,37.1108,1702.2166,17.5958,1117.3926,-63.813,20,182162,50
182153,LL,0,0.462334,-35.8917,0.495147,-167.4154,1.539499,105.9099,3079.9562,-59.4468,4351.7295,143.7132,1470.4422,-91.4773,13,181993,50
182153,LL,0,0.414077,-38.0074,0.442477,-172.1748,1.572732,106.503,3090.3112,-59.8834,4372.4884,143.4761,1447.1863,-88.244,14,181994,50
182153,LL,0,0.492287,-34.3068,0.552743,-162.3658,1.528201,106.7956,9.2668,-61.7231,11.7849,170.1669,22.4636,79.3905,15,181891,50
182153,LL,0,0.312654,-40.9828,0.335984,-178.7904,1.638876,107.2622,0.0,49.3381,0.0,-87.0052,0.0,-162.2632,16,255335,50
182153,LL,0,0.312654,-40.9828,0.335984,-178.7904,1.638876,107.2622,0.0,49.0311,0.0,-88.8239,0.0,-162.7539,17,182030,50
182153,LL,0,0.000422,-60.1405,0.000614,143.3783,1.827013,108.0284,3086.0245,120.1488,4370.2577,-36.5679,1461.0106,91.6229,18,182153,50
182153,LL,0,0.019105,164.2023,0.020018,162.715,1.872827,108.8624,47.3736,-40.9281,48.5086,-41.4745,1467.6566,-88.4258,19,182158,50
182153,LL,0,0.038681,163.7109,0.039624,162.9641,1.91754,109.6833,45.2301,-36.1821,46.3317,-36.876,1476.2739,-88.4906,20,182162,50
182153,3LG,0,0.454575,-44.3656,0.455998,-164.1571,0.453881,75.7464,4210.7825,-76.1831,4223.3521,163.896,4211.9958,43.85,14,181994,50
182153,3LG,0,0.348689,-49.1563,0.349696,-168.965,0.348209,70.9374,0.0,41.5774,0.0,-78.0569,0.0,161.2403,16,255335,50
182153,3LG,0,0.348689,-49.1563,0.349696,-168.965,0.348209,70.9374,0.0,40.8384,0.0,-78.962,0.0,160.9177,17,182030,50
182153,3LG,0,0.000585,-76.1853,0.000586,163.8942,0.000585,43.8479,4208.0888,103.8175,4219.4291,-16.103,4209.1832,-136.1494,18,182153,50
182153,3LG,0,0.000602,-75.6344,0.000603,164.45,0.000602,44.4002,0.7056,86.812,0.7075,-33.0955,0.7057,-153.151,19,182158,50
182153,3LG,0,0.000618,-75.0806,0.000619,165.0084,0.000618,44.9555,0.7102,86.746,0.7121,-33.1648,0.7103,-153.2176,20,182162,50
182158,SLG,0,0.491447,-45.5115,1.725981,-143.7352,1.172506,121.6939,2655.1462,-104.9668,1691.2126,14.4255,1106.4911,-66.9629,13,181993,50
182158,SLG,0,0.438014,-48.8208,1.765888,-143.6979,1.193535,123.5331,2678.6975,-105.2636,1657.9309,17.5031,1098.5754,-63.6021,14,181994,50
182158,SLG,0,0.341546,-53.1254,1.843733,-143.816,1.239791,126.2625,0.0,38.6314,0.0,-52.9281,0.0,-143.7927,16,255335,50
182158,SLG,0,0.341546,-53.1254,1.843733,-143.816,1.239791,126.2625,0.0,36.9022,0.0,-53.8249,0.0,-143.7194,17,182030,50
182158,SLG,0,0.089046,-44.21,2.06156,-144.7058,1.3837,130.7124,2675.2414,74.6333,1680.3169,-162.5746,1108.613,116.0804,18,182153,50
182158,SLG,0,0.000375,-105.9755,2.135849,-144.9334,1.435383,132.3805,2675.233,-105.3669,1682.8305,17.4105,1113.6381,-63.9753,19,182158,50
182158,SLG,0,0.027484,-124.1604,2.199143,-144.3252,1.455239,133.7815,32.5777,33.3667,1693.0082,17.4608,1120.2914,-64.3038,20,182162,50
182158,LL,0,0.473624,-36.7198,0.503486,-169.2889,1.554937,106.5465,2816.1639,-58.5513,4037.6489,144.6012,1443.089,-88.6051,14,181994,50
182158,LL,0,0.379714,-38.8728,0.403982,-174.0659,1.619584,107.3374,0.0,51.6637,0.0,-82.4293,0.0,-162.3701,16,255335,50
182158,LL,0,0.379714,-38.8728,0.403982,-174.0659,1.619584,107.3374,0.0,51.1371,0.0,-84.069,0.0,-162.6937,17,182030,50
182158,LL,0,0.092483,-35.8264,0.09762,-163.9602,1.804411,108.146,2811.3037,121.4835,4034.322,-35.4523,1456.8413,91.2636,18,182153,50
182158,LL,0,0.000387,-58.6003,0.000564,144.4604,1.867392,108.525,2811.2933,-58.5165,4034.3116,144.5477,1463.4318,-88.7833,19,182158,50
182158,LL,0,0.018363,161.64,0.019228,160.39,1.912135,109.3292,21.8906,-40.0086,22.9115,-41.0626,1472.0904,-88.8455,20,182162,50
182158,3LG,0,0.4174,-45.8375,0.418736,-165.6072,0.416623,74.2745,0.0,44.8315,0.0,-74.6051,0.0,164.767,16,255335,50
182158,3LG,0,0.4174,-45.8375,0.418736,-165.6072,0.416623,74.2745,0.0,44.1596,0.0,-75.6131,0.0,164.2866,17,182030,50
182158,3LG,0,0.098492,-39.2584,0.098829,-158.9985,0.098274,80.8846,3864.0074,105.077,3875.5261,-14.8312,3864.7029,-134.8857,18,182153,50
182158,3LG,0,0.000537,-74.9259,0.000538,165.1659,0.000537,45.1109,3863.9964,-74.9231,3875.5146,165.1687,3864.4302,45.1137,19,182158,50
182158,3LG,0,0.000551,-74.3724,0.000553,165.7247,0.000551,45.6661,0.6338,87.4542,0.6356,-32.4486,0.6338,-152.5071,20,182162,50
182162,SLG,0,0.488798,-46.583,1.750031,-143.2073,1.179776,122.7388,2497.5781,-105.2695,1648.8637,17.2943,1103.4595,-64.1084,14,181994,50
182162,SLG,0,0.397891,-49.7805,1.826889,-143.2903,1.223462,125.4835,0.0,41.902,0.0,-52.3888,0.0,-144.6366,16,255335,50
182162,SLG,0,0.397891,-49.7805,1.826889,-143.2903,1.223462,125.4835,0.0,40.189,0.0,-53.2885,0.0,-144.4841,17,182030,50
182162,SLG,0,0.164757,-41.8188,2.042101,-144.1398,1.36226,129.9844,2493.9479,74.6153,1671.1304,-162.7772,1113.3655,115.5791,18,182153,50
182162,SLG,0,0.081955,-40.7427,2.115448,-144.3464,1.411772,131.6771,2493.8582,-105.3862,1673.6257,17.2092,1118.3072,-64.4764,19,182158,50
182162,SLG,0,0.000346,-105.614,2.187199,-144.5279,1.46167,133.2845,2491.1724,-105.5545,1683.7862,17.2576,1125.2301,-64.8031,20,182162,50
182162,LL,0,0.435208,-37.3138,0.459357,-170.4781,1.602587,107.3393,0.0,53.1444,0.0,-79.0027,0.0,-162.2793,16,255335,50
182162,LL,0,0.435208,-37.3138,0.459357,-170.4781,1.602587,107.3393,0.0,52.6641,0.0,-80.4993,0.0,-162.6751,17,182030,50
182162,LL,0,0.168635,-34.6364,0.177573,-161.1656,1.78431,108.181,2586.6181,122.507,3753.8332,-34.7519,1452.5663,90.8967,18,182153,50
182162,LL,0,0.082893,-34.2665,0.087521,-159.7601,1.846075,108.5766,2586.5046,-57.4928,3753.722,145.2472,1459.091,-89.148,19,182158,50
182162,LL,0,0.000359,-57.4117,0.000522,145.1627,1.906593,108.9646,2582.8169,-57.4308,3755.1606,145.186,1467.8022,-89.2109,20,182162,50
182162,3LG,0,0.472885,-43.355,0.474499,-163.0904,0.471789,76.7705,0.0,47.56,0.0,-72.195,0.0,167.298,16,255335,50
182162,3LG,0,0.472885,-43.355,0.474499,-163.0904,0.471789,76.7705,0.0,46.6259,0.0,-73.0991,0.0,166.7732,17,182030,50
182162,3LG,0,0.17813,-37.3037,0.178776,-157.0084,0.177644,82.8531,3580.512,105.9537,3591.9491,-13.9436,3580.902,-134.0063,18,182153,50
182162,3LG,0,0.087278,-36.3632,0.087601,-156.0632,0.087037,83.7998,3580.3941,-74.0467,3591.8256,166.056,3580.3058,45.992,19,182158,50
182162,3LG,0,0.000497,-74.051,0.000499,166.0518,0.000497,45.9877,3579.8787,-74.0481,3591.3058,166.0546,3579.7897,45.9906,20,182162,50
