scenario_id,scenario_label,n_dg_buses,fault_id,zone,fault_type,fault_line,fault_bus,converged,RFI1,RFI2,RFI3,RFI4,RFI5,RFI6,RFI7,RFI8,RFI9,RFI10,RFI11,RFI12,RFI13,RFI14,RFI15,RFI16,RFI17,RFI18,RFI19,RFI20
4,DG_8pct,16,Z01_F08,1,LL_AB,326,CKT7,True,114.26178802102521,94.98320546490987,80.83091963549289,47.4552703612649,27.83954876640777,9.86263667423759,0.7821345858332068,11.792083675008538,11.584945565489114,7.334119261379841,7.361102676872018,3.568364878766045,0.24551357277014416,0.6223446072675316,0.9344106980513395,9.909020917963705,4.325741766753883,4.310604212017888,4.703900842966921,3.990922444295561e-09
4,DG_8pct,16,Z01_F09,1,3PH,333,CKT7,True,0.37982953838235156,0.35316242271816334,0.32592139300673795,0.22996408256442166,0.14873213681682693,0.05306310018281094,0.0052451268999753504,0.08073697521073221,0.08190867227643626,0.054012030631219066,0.05438510616318677,0.02627973207662265,0.0016610591146531616,0.004161776005660766,0.006145066084510378,0.05368653048689943,0.02218217659036173,0.023333713228317295,0.017575462192593157,2.543431357347065e-11
4,DG_8pct,16,Z01_F10,1,3PH,326,CKT7,True,0.37982953838235156,0.35316242271816334,0.32592139300673795,0.22996408256442166,0.14873213681682693,0.05306310018281094,0.0052451268999753504,0.08073697521073221,0.08190867227643626,0.054012030631219066,0.05438510616318677,0.02627973207662265,0.0016610591146531616,0.004161776005660766,0.006145066084510378,0.05368653048689943,0.02218217659036173,0.023333713228317295,0.017575462192593157,2.543431357347065e-11
4,DG_8pct,16,Z01_F11,1,3PH,326,CKT7,True,0.37982953838235156,0.35316242271816334,0.32592139300673795,0.22996408256442166,0.14873213681682693,0.05306310018281094,0.0052451268999753504,0.08073697521073221,0.08190867227643626,0.054012030631219066,0.05438510616318677,0.02627973207662265,0.0016610591146531616,0.004161776005660766,0.006145066084510378,0.05368653048689943,0.02218217659036173,0.023333713228317295,0.017575462192593157,2.543431357347065e-11
4,DG_8pct,16,Z01_F12,1,3PH,335,CKT7,True,0.37982953838235156,0.35316242271816334,0.32592139300673795,0.22996408256442166,0.14873213681682693,0.05306310018281094,0.0052451268999753504,0.08073697521073221,0.08190867227643626,0.054012030631219066,0.05438510616318677,0.02627973207662265,0.0016610591146531616,0.004161776005660766,0.006145066084510378,0.05368653048689943,0.02218217659036173,0.023333713228317295,0.017575462192593157,2.543431357347065e-11
4,DG_8pct,16,Z02_F01,2,SLG_A,254077,253842,True,29699.739989515354,1188.381947044878,1072.993485088551,724.720126086495,452.45955298699914,164.23772117505064,15.885623447031962,229.92632045004555,230.25398573856856,149.06614815537384,150.44538067786075,74.7471003219252,4.955205643553125,12.71337105224604,18.854145607803616,164.3645989735871,60.10938018444142,63.39257994848731,48.4118590180708,7.301376155641494e-08
4,DG_8pct,16,Z02_F02,2,SLG_A,246178,243936,True,27348.578881535053,1444.1713592929082,1282.886004986119,835.213853313247,508.2436603222547,184.6875911542174,16.968847754840063,245.22940975519728,244.24951772329075,157.34856330671826,158.67858116825445,78.62691941301732,5.3053678694675925,13.628130838513561,20.15268870407968,184.85781007453585,67.59337461105041,71.0244177108177,54.76659815166691,7.661253765984249e-08
4,DG_8pct,16,Z02_F03,2,SLG_A,150394,157345,True,19743.374507095166,1684.3344052099571,1490.7293753176425,956.1208036251797,573.0193187637626,211.34857347102596,16.38319847301725,267.42135681413595,273.01122772000036,175.1157244498955,176.44912977459717,87.40197391536216,5.104375014523329,13.138226288487054,19.445345463521868,211.419541981506,79.82704862523104,82.95160119231275,68.9231184778109,7.348188691865205e-08
4,DG_8pct,16,Z02_F04,2,SLG_A,246177,202181,True,21886.4227273723,1749.1734678703901,1544.1834486721827,984.6025400821123,587.8067127726678,216.57344485826997,16.365267290799864,271.3029700969607,276.5379314642455,177.21948168110862,178.5275002608856,88.37291432609913,5.103040139973154,13.120863484800905,19.423345714445784,216.65645470747648,81.82014782498207,84.97729607779179,70.60559955289878,7.376075732603084e-08
4,DG_8pct,16,Z02_F05,2,LL_AB,246178,243936,True,32241.188200685207,1237.5773239300618,1055.3599755131543,605.208303249462,334.01771159685615,129.47428949935937,9.487456119360784,140.1021100290625,150.32551979864874,94.95069949888564,95.32208882343525,46.20952440954497,2.977785058731887,7.556879608222374,11.584536818555023,129.17233062772627,56.34658279442498,56.18745480901842,60.226409529765284,4.869011687996978e-08
4,DG_8pct,16,Z02_F06,2,LL_AB,157109,165442,True,23971.654947793337,1285.4530372382333,1094.0338457764656,624.0579364722838,347.3992193359129,132.5669941035508,9.36220183724821,144.0225324461763,150.6815713676898,94.87996214546757,95.20335663914719,46.21265352762472,2.938484715601852,7.457011884202272,11.44791220132258,132.25836513660042,57.65076066928051,57.39037805974714,61.958395552844024,4.820691743508072e-08
4,DG_8pct,16,Z02_F07,2,LL_AB,298361,298159,True,16028.28028523612,1638.5673886757918,1388.728605031132,783.1936105292682,439.98624774410735,163.38845293472815,10.571858875159924,177.09158934404334,175.2985204796737,109.38099004323854,109.61092578212855,53.38709328143515,3.446965982003386,8.386183223183936,13.049182787955985,163.02133090711865,70.91717542513386,70.26263005765247,77.021672506676,5.372655390564081e-08
4,DG_8pct,16,Z02_F08,2,LL_AB,254077,253842,True,35618.942856032074,833.9425699937142,710.8147054567365,407.30537628539696,232.71458865158945,87.15699622991424,6.570860173019734,97.69820752761292,101.7218203323513,64.33102204885016,64.55533729842203,31.3040304799393,2.062604135223647,5.228447691586978,7.853301032193235,86.94510332337445,38.04745600038519,37.967111453155695,40.90467923331002,3.365141959413151e-08
4,DG_8pct,16,Z02_F09,2,3PH,298361,298159,True,15032.217376644101,0.24134169394876087,0.22272081583578582,0.15714083940763085,0.10163031120106752,0.03625716306353236,0.003583041953808447,0.0551762065195931,0.05597526046551209,0.036911688117974996,0.037166713011819015,0.01795948130501282,0.0011346988642314366,0.002842982815854722,0.00419827919586046,0.03668335140792102,0.015155904213789298,0.015942376126754285,0.01200776260718283,1.734486250890546e-11
4,DG_8pct,16,Z02_F10,2,3PH,150394,157345,True,17719.198428109372,53.969025668493074,49.806056217644546,35.142168762742486,22.728654911740673,8.109497180752479,0.8014916286043644,12.339424715474998,12.51843996249255,8.254917706996029,8.31194075947859,4.016456357704178,0.2538212205944736,0.635947933413191,0.9390781691478727,8.20478552620074,3.3900202676282984,3.5659817390716944,2.68598209675823,3.8768703899118605e-09
4,DG_8pct,16,Z02_F11,2,3PH,239739,243937,True,20446.295169421104,0.32849627105650786,0.303159234745793,0.21390609822230508,0.13834783399409173,0.049359701787428906,0.0048788611314500244,0.07510409665664812,0.07619417589990084,0.050243906368806414,0.050590968895988284,0.024446337050248238,0.0015450675152712799,0.0038711597889496026,0.005716228348708071,0.049939645400403104,0.02063565320942249,0.021706789523004973,0.01634909372869341,2.3626458699974258e-11
4,DG_8pct,16,Z02_F12,2,3PH,246180,253842,True,21139.375954306815,0.3398186921212429,0.31360752605188336,0.2212768050061641,0.14311417939304988,0.05105947831903371,0.0050469634784649775,0.07768950878137872,0.07881701771292653,0.051973404562204735,0.052332406819713594,0.025287830626128993,0.0015983033390668433,0.004004541799970237,0.005913052740031389,0.05165938321753245,0.02134540483491322,0.02245344090806243,0.016911936924036048,2.4456892721870062e-11
4,DG_8pct,16,Z03_F01,3,SLG_A,157115,165448,True,13373.358264448667,13398.037290589313,2106.125157614614,1301.316164915452,758.3022074394407,281.12195169754176,15.849068015110857,325.65924741718675,338.8426660507609,216.05458520791632,217.22640656182114,107.1691626116633,4.929825818321128,12.694623955835514,18.803295965876185,281.11684017940587,109.72925111999707,112.7179447121096,99.50130308786811,7.129212431882504e-08
4,DG_8pct,16,Z03_F02,3,SLG_A,298367,298161,True,13918.508316025225,13944.170961823087,2051.0844358849154,1268.7905678417287,739.5975421085932,275.2617823162273,15.903023782982737,320.1866825012761,332.8291952582839,212.19907939122487,213.45352446232886,105.46189442667965,4.947495101995156,12.738566159170652,18.867214547162664,275.2642156759482,106.61732755006605,109.5115764579727,96.84605831273576,7.155687363176764e-08
4,DG_8pct,16,Z03_F03,3,SLG_A,298362,298161,True,13918.508316025225,13944.170961823087,2051.0844358849154,1268.7905678417287,739.5975421085932,275.2617823162273,15.903023782982737,320.1866825012761,332.8291952582839,212.19907939122487,213.45352446232886,105.46189442667965,4.947495101995156,12.738566159170652,18.867214547162664,275.2642156759482,106.61732755006605,109.5115764579727,96.84605831273576,7.155687363176764e-08
4,DG_8pct,16,Z03_F04,3,SLG_A,298362,298161,True,13918.508316025225,13944.170961823087,2051.0844358849154,1268.7905678417287,739.5975421085932,275.2617823162273,15.903023782982737,320.1866825012761,332.8291952582839,212.19907939122487,213.45352446232886,105.46189442667965,4.947495101995156,12.738566159170652,18.867214547162664,275.2642156759482,106.61732755006605,109.5115764579727,96.84605831273576,7.155687363176764e-08
4,DG_8pct,16,Z03_F05,3,LL_AB,157115,165448,True,14713.814650043334,14716.362990949598,1475.2172134591708,832.0870006620638,458.202363897178,173.1910587666695,10.739555113384363,183.01213493597885,183.69362365938125,114.41993276031798,114.62231432603613,55.871421706198355,3.5008054474601082,8.524068239629626,13.284361854792271,172.8190911733944,74.95455858240868,74.26895610296891,81.20290396145585,5.4532657234591495e-08
4,DG_8pct,16,Z03_F06,3,LL_AB,298367,298161,True,15302.2313129806,15303.8187356101,1434.1959885110896,809.9744281490166,445.80287509915786,168.99499665380765,10.675744094007344,178.8943017537168,180.75663707533076,112.73699221837938,112.96242452476787,55.028058941905655,3.4803208070085954,8.471510974269266,13.189120975109224,168.6279302013847,73.18702801142635,72.55166128477421,79.20888970062028,5.422936339260837e-08
4,DG_8pct,16,Z03_F07,3,LL_AB,157115,165448,True,14713.814650043334,14716.362990949598,1475.2172134591708,832.0870006620638,458.202363897178,173.1910587666695,10.739555113384363,183.01213493597885,183.69362365938125,114.41993276031798,114.62231432603613,55.871421706198355,3.5008054474601082,8.524068239629626,13.284361854792271,172.8190911733944,74.95455858240868,74.26895610296891,81.20290396145585,5.4532657234591495e-08
4,DG_8pct,16,Z03_F08,3,LL_AB,157115,165448,True,14713.814650043334,14716.362990949598,1475.2172134591708,832.0870006620638,458.202363897178,173.1910587666695,10.739555113384363,183.01213493597885,183.69362365938125,114.41993276031798,114.62231432603613,55.871421706198355,3.5008054474601082,8.524068239629626,13.284361854792271,172.8190911733944,74.95455858240868,74.26895610296891,81.20290396145585,5.4532657234591495e-08
4,DG_8pct,16,Z03_F09,3,3PH,298367,298161,True,14313.886921822808,14319.65884254434,0.21180699572037384,0.1494415007526664,0.0966512986976623,0.0344820345559582,0.0034074715392769573,0.05247567381380477,0.053235649123839,0.03510516109860658,0.03534771095095227,0.017080509655021,0.0010790980394642742,0.0027036752903491336,0.003992702124281648,0.03488736861937518,0.01441434289611137,0.015162285733062941,0.011419956831206746,1.651793029547042e-11
4,DG_8pct,16,Z03_F10,3,3PH,157115,165448,True,13956.811974072689,13962.715971206646,0.20650684052737805,0.1457009898196913,0.09423175151275373,0.03361771107635966,0.003322050112398884,0.05116141142062635,0.051902146345009836,0.034225877364387196,0.03446235914305787,0.01665268936677341,0.0010520462107147573,0.0026358970769072812,0.0038926297225099415,0.034012908710967286,0.01405313162112814,0.014782299616029532,0.011133541825551685,1.6089875704729042e-11
4,DG_8pct,16,Z03_F11,3,3PH,298367,298161,True,14313.886921822808,14319.65884254434,0.21180699572037384,0.1494415007526664,0.0966512986976623,0.0344820345559582,0.0034074715392769573,0.05247567381380477,0.053235649123839,0.03510516109860658,0.03534771095095227,0.017080509655021,0.0010790980394642742,0.0027036752903491336,0.003992702124281648,0.03488736861937518,0.01441434289611137,0.015162285733062941,0.011419956831206746,1.651793029547042e-11
4,DG_8pct,16,Z03_F12,3,3PH,298367,298161,True,14313.886921822808,14319.65884254434,0.21180699572037384,0.1494415007526664,0.0966512986976623,0.0344820345559582,0.0034074715392769573,0.05247567381380477,0.053235649123839,0.03510516109860658,0.03534771095095227,0.017080509655021,0.0010790980394642742,0.0027036752903491336,0.003992702124281648,0.03488736861937518,0.01441434289611137,0.015162285733062941,0.011419956831206746,1.651793029547042e-11
4,DG_8pct,16,Z04_F01,4,SLG_A,235748,232497,True,7432.142184256664,7454.523670561494,7551.92193653088,1617.9993822671727,924.5354619256909,344.7685533944,15.948230914785537,374.1973395272302,394.6703223674797,249.83535842176155,250.83951656706824,123.35907193528006,4.964258220188499,13.452551063778936,19.853146571214687,344.6895496921319,137.42633711165539,140.10198107176842,128.16437952235927,7.151952492044932e-08
4,DG_8pct,16,Z04_F02,4,SLG_A,279297,280596,True,7246.675653718726,7269.582571823108,7365.824626292332,1588.4046229049,907.4467881057154,338.8602659754642,16.109680825544586,367.56780268997875,388.1576786842709,245.5238804262916,246.52451762201136,121.24847414500375,5.016645212966592,13.571264993319067,20.021898892810693,338.7745167025983,135.12616332638552,137.75266854857932,126.13785423340573,7.14241105878795e-08
4,DG_8pct,16,Z04_F03,4,SLG_A,157143,165469,True,8221.009968201408,8239.943640341073,8340.657006854206,1758.5915688219955,1005.635086903522,373.38322407067096,15.104424026588262,405.2693322788759,424.69924812183444,268.9522751712534,269.9827174092718,132.73133764470046,4.6913046903705915,12.832391914449957,18.977166204706908,373.34217853483415,148.5882916237854,151.55730047655186,137.68087545178867,7.250168115750619e-08
4,DG_8pct,16,Z04_F04,4,SLG_A,261180,165451,True,9081.890902064742,9098.27877859258,9213.490717539815,1648.2079044188627,945.2291775753627,351.0622244874694,15.415609573512324,385.0851601221723,403.4927995751426,255.8042228420345,256.85870553542543,126.37236746303866,4.790954226727801,12.34491708621867,18.293511460656816,351.02215976741127,139.3296405894968,142.25821598050916,128.8217235262644,7.174019529010521e-08
4,DG_8pct,16,Z04_F05,4,LL_AB,157119,165449,True,10655.712358766474,10666.629949778993,10694.469438501017,1083.5718532118144,599.370528185772,221.148671925594,10.734104774199865,228.62059019715988,220.83515642082324,140.10934453256866,140.46217321992498,68.06661119781745,3.4989237799235755,8.524143417816141,13.13569994752002,220.74575747570393,94.8140845986319,93.69427655204558,102.80427844645727,5.6255709277568006e-08
4,DG_8pct,16,Z04_F06,4,LL_AB,285774,165469,True,8945.076428609202,8963.770640918268,8994.742259925719,1308.5509817410652,706.8899913702186,265.6631551049264,9.914971513521637,261.1953971988714,254.04051367430253,160.28137627516898,160.5806331641316,77.95965488477361,3.220254738817801,8.699486305169225,13.346054867896065,265.2707718475954,112.60973169149894,111.46325699238035,120.61060487174181,5.547217570239718e-08
4,DG_8pct,16,Z04_F07,4,LL_AB,261181,261836,True,8358.363397218709,8382.832058391448,8418.245497899254,1182.5395982457724,662.958003377111,240.80423798224987,10.897178164095967,246.55392575392955,241.95359833922697,152.39424952779623,152.71956923431415,74.62348785005572,3.5515924418488307,9.493854856763962,14.473786801255214,240.98382559667976,100.88135272731219,99.57264075646394,109.80482645374688,5.699493113161097e-08
4,DG_8pct,16,Z04_F08,4,LL_AB,157138,165475,True,7474.127370630937,7489.231833265165,7538.864271356557,1063.9404724204066,600.2666776312366,218.50005910313502,12.50405313410353,227.82242725965372,226.79296594953146,143.05795966975654,143.4059513668782,70.09144775134209,4.069315257440293,10.747693190636863,16.217033249604665,218.63634105969834,85.92874514289295,87.42303391050879,95.15097945810662,5.982923631615357e-08
4,DG_8pct,16,Z04_F09,4,3PH,279295,280598,True,8813.290749642916,8831.44747410364,8847.278099784993,69.42507422198983,44.89508507213784,15.98313557558445,1.58063202384528,24.34382017158227,24.692923472478032,16.284508305154443,16.397153916365404,7.923231491511,0.5005628267038279,2.527763248604268,3.7334690822203096,16.1714418222232,6.690265799186993,7.036762613973445,5.290774018026108,7.649231371198496e-09
4,DG_8pct,16,Z04_F10,4,3PH,157124,165458,True,9889.220185342536,9901.111920879128,9909.803021358448,55.641020618607364,35.982036978386574,12.821435860564051,1.2674461871659788,19.521678340367696,19.80246193775745,13.058933450128613,13.149223060183523,6.3538378560871225,0.4013818491670973,0.001876938900197368,1.485171382094649,12.972364781955713,5.3620577147455455,5.640012066072199,4.244709073252178,6.145936675480925e-09
4,DG_8pct,16,Z04_F11,4,3PH,157148,165483,True,8738.339017545904,8754.191277810074,8767.707643259004,43.62372087929157,28.20927259725809,10.032991644748494,0.9926811125301171,15.286143024297163,15.504638952385553,10.225320488847505,10.296085243114579,4.9751235104201905,0.31436724404126615,2.4205897860236134,3.5752967915510734,10.151295435733205,4.2028912919288555,4.420388898686578,3.3206456919203444,4.805882656951187e-09
4,DG_8pct,16,Z04_F12,4,3PH,157132,165451,True,10489.885975247738,10496.996435269926,10500.38958135898,0.10947397593868294,0.07079563523510088,0.025220145714850678,0.00249347207218978,0.038403525358170654,0.03895570135445563,0.02568996562058688,0.025867612777284353,0.01249947507396502,0.000789646226922032,0.0019784562973654105,0.0029220325790813534,0.025517091000752348,0.010551358649640189,0.011098135475673485,0.008349484663593415,1.2069368701008869e-11
4,DG_8pct,16,Z05_F01,5,SLG_A,157165,165495,True,6836.989335689571,6852.36596366826,6924.109709484541,7498.62750506531,1178.7345998021608,437.59309342099573,15.070468956897557,461.9977881041495,483.9447970660791,305.5305691820233,306.5069224798935,150.4862519516316,4.6809985834217045,13.147932733789489,19.44264102564267,437.55321635966476,174.82773965864982,177.83281943042795,163.5395539260463,7.361387613125543e-08
4,DG_8pct,16,Z05_F02,5,SLG_A,157168,165495,True,6836.989335689571,6852.36596366826,6924.109709484541,7498.62750506531,1178.7345998021608,437.59309342099573,15.070468956897557,461.9977881041495,483.9447970660791,305.5305691820233,306.5069224798935,150.4862519516316,4.6809985834217045,13.147932733789489,19.44264102564267,437.55321635966476,174.82773965864982,177.83281943042795,163.5395539260463,7.361387613125543e-08
4,DG_8pct,16,Z05_F03,5,SLG_A,282438,283955,True,6634.131469732532,6653.7428818441185,6732.6893034789755,7347.340941463166,1040.0446160248002,387.4660628754066,15.857671903182856,412.1835473405116,434.36855957437893,274.42559583008403,275.3919531422658,135.30540452539,4.935254104018269,13.574229090565577,20.038667675901298,387.38952171538756,154.86230208447708,157.57811140426332,145.21711808432278,7.258197298937277e-08
4,DG_8pct,16,Z05_F04,5,SLG_A,282435,283952,True,7259.688290724146,7276.1281065029125,7356.057253576223,8008.510550934487,1116.7934769622318,414.62614077600244,15.064289408992108,441.6546277907946,462.76982838537486,292.45506901210985,293.449214440013,144.13691661271304,4.678842461152542,13.029359681332332,19.26967131381168,414.58516235834765,165.4634364956117,168.45474146498748,154.29873621283645,7.340939470142197e-08
4,DG_8pct,16,Z05_F05,5,LL_AB,157165,165495,True,7549.648470582057,7554.043648383595,7589.3789290323175,7877.364711174971,888.7623084682201,333.40419371704945,9.819930755245792,320.1675237741546,314.36653081732743,197.31747670657748,197.57270384025935,96.03236816231184,3.1636179268395592,9.830224749086094,15.12734903711679,333.0060702440885,140.1475601591509,138.84705572348489,148.93953232034698,5.728133664448642e-08
4,DG_8pct,16,Z05_F06,5,LL_AB,157163,165500,True,7439.5890104153805,7444.4268555878525,7478.916495863267,7755.880558222626,873.0395779952999,323.2180572421623,10.025125004120126,314.60976933563114,309.2721730011627,193.83890975668913,194.1148291215331,94.76486944749237,3.2548996184992616,10.029688487767594,15.411777669814343,322.81208845269896,136.17534593931464,134.80358038722738,145.21032243435695,5.76848492087325e-08
4,DG_8pct,16,Z05_F07,5,LL_AB,157163,165500,True,7439.5890104153805,7444.4268555878525,7478.916495863267,7755.880558222626,873.0395779952999,323.2180572421623,10.025125004120126,314.60976933563114,309.2721730011627,193.83890975668913,194.1148291215331,94.76486944749237,3.2548996184992616,10.029688487767594,15.411777669814343,322.81208845269896,136.17534593931464,134.80358038722738,145.21032243435695,5.76848492087325e-08
4,DG_8pct,16,Z05_F08,5,LL_AB,157163,165500,True,7439.5890104153805,7444.4268555878525,7478.916495863267,7755.880558222626,873.0395779952999,323.2180572421623,10.025125004120126,314.60976933563114,309.2721730011627,193.83890975668913,194.1148291215331,94.76486944749237,3.2548996184992616,10.029688487767594,15.411777669814343,322.81208845269896,136.17534593931464,134.80358038722738,145.21032243435695,5.76848492087325e-08
4,DG_8pct,16,Z05_F09,5,3PH,157160,165487,True,8831.80252117005,8844.160232452263,8854.007377073729,8857.2743401475,0.05932335252383472,0.021095363551759387,0.0020864328994678566,0.03211916533277871,0.0325769490239737,0.021485364517084556,0.02163414628789899,0.010453671516910273,0.0006607414171224071,2.121011813589727,3.132844490290821,0.021321087933630654,0.00883900237969883,0.009295860366760686,0.0069737268418522125,1.0096258408288755e-11
4,DG_8pct,16,Z05_F10,5,3PH,282436,283954,True,8135.730975062151,8152.188556814959,8166.8034757361775,8186.9179938892685,33.40833628048485,11.869271418105745,1.1747551256220863,18.089268708383038,18.34614502888211,12.099721436431023,12.183500357631553,5.887095828897872,0.37202715082473814,3.091521231677177,4.566383966833684,12.008485381021302,4.973367404517351,5.230582138852353,3.926637777550686,5.680494512863567e-09
4,DG_8pct,16,Z05_F11,5,3PH,157168,165495,True,8196.114371199437,8208.157992926313,8218.180133078595,8222.080424647063,0.0550949926241127,0.019559074555014093,0.001935282081327061,0.02979217630508402,0.030211845033603326,0.019926606572800817,0.02006470048072343,0.009695214187920341,0.0006128738140448521,2.8468638372348307,4.205101288905184,0.019765384974984333,0.008196518686926738,0.008619848189429897,0.0064602728387571804,9.374033520445014e-12
4,DG_8pct,16,Z05_F12,5,3PH,282437,283952,True,8611.026177717327,8623.280094623175,8633.192273911516,8636.683698221626,0.057851603863211754,0.020561375060474125,0.0020338871415273834,0.031310592066481596,0.031755245021384236,0.020943774777094543,0.021088839698225927,0.010190147007985902,0.0006441008351870063,2.369256415620275,3.4995440374600624,0.020780856010003172,0.008615653834277629,0.009060870867503014,0.006795522857225588,9.828094227273941e-12
4,DG_8pct,16,Z06_F01,6,SLG_A,175053,181928,True,4031.0756597675454,4050.158267182042,4092.568847098361,4336.469911493691,4610.969965564905,436.5775279152594,15.490863100985807,662.9013978208638,691.3930250349159,433.96274451118467,434.7910299880076,212.82968462369232,4.83738554694208,14.78544631413031,21.763832477418738,436.52902497789756,251.09981483915627,254.33349849929868,256.38274025793885,7.78996520683284e-08
4,DG_8pct,16,Z06_F02,6,SLG_A,174990,181925,True,4059.884904085427,4079.178601905581,4121.967478630756,4368.368931372309,4645.227759438292,439.138564299266,15.470320014625937,667.0386319691253,695.5961165639715,436.5637130570727,437.3909625221863,214.0969057133004,4.830174304680399,14.779845981473496,21.75557779045451,439.09081986620976,252.79943837683996,256.03700478600166,254.3478758351442,7.77693124898767e-08
4,DG_8pct,16,Z06_F03,6,SLG_A,174984,181919,True,4182.942045840964,4203.309842416721,4248.617095444599,4513.370563137979,4808.576670931969,460.11005932283126,15.376670597164795,645.7507321049318,673.681424478584,423.0056027564236,423.8469990468223,207.51013159234003,4.826762501501008,14.765751255667926,21.73408965563201,460.06602237898164,257.86979965340566,261.11473219654187,244.82134662836938,7.760410326419465e-08
4,DG_8pct,16,Z06_F04,6,SLG_A,255376,255317,True,4250.947757440092,4271.682666460012,4318.164543097046,4592.443182956783,4897.325473055884,472.0189631702948,15.351015839971213,637.0108883232821,664.7183662563755,417.45430012185784,418.30055192793185,204.81217823326182,4.824959020606098,14.748792743808465,21.709476753969806,471.9787333088633,253.955956660842,257.1903466509522,240.9684260089638,7.732797931956792e-08
4,DG_8pct,16,Z06_F05,6,LL_AB,174987,181918,True,4911.241728369395,4919.986091674533,4937.202910807743,5020.638054609076,5151.208780250402,364.5021886721444,9.960979316121314,512.8515910005117,534.5517306737639,327.83489695875573,327.23522441407954,160.45691375201537,3.0578883484464807,12.604552270535544,18.95982218946242,364.1053524315884,238.92957868018394,237.76841277211642,247.4520576892274,6.41367075278941e-08
4,DG_8pct,16,Z06_F06,6,LL_AB,262345,255322,True,4253.188610711173,4254.863825217959,4261.09690885211,4281.8129638048285,4347.362621618376,271.87341711139374,13.107446148936615,397.8005750538894,393.14201397985494,246.29547178974332,246.6515337194203,120.29601617559581,4.111200987673896,14.042891318555679,21.049398024983187,271.4445966886754,4695.367400074258,278.2996991591885,183.68204948824464,6.711100977376084e-08
4,DG_8pct,16,Z06_F07,6,LL_AB,175001,181939,True,4451.044103523716,4459.435957070971,4473.984024359463,4532.9055914335995,4636.662167222843,307.14740935911976,11.672806582984814,483.0038086427029,483.03469472885877,300.95608826798974,301.1466221203581,146.86166214786456,3.568123693854639,13.506396795705454,20.26919902725723,307.3570543858563,197.05026608357832,195.54685198429445,223.81787957958937,6.64599207499778e-08
4,DG_8pct,16,Z06_F08,6,LL_AB,175005,181939,True,4451.044103523716,4459.435957070971,4473.984024359463,4532.9055914335995,4636.662167222843,307.14740935911976,11.672806582984814,483.0038086427029,483.03469472885877,300.95608826798974,301.1466221203581,146.86166214786456,3.568123693854639,13.506396795705454,20.26919902725723,307.3570543858563,197.05026608357832,195.54685198429445,223.81787957958937,6.64599207499778e-08
4,DG_8pct,16,Z06_F09,6,3PH,175051,165504,True,6066.47346366938,6096.0357109512,6125.836154794577,6200.708021026045,6262.536014551067,0.014656464793748764,0.0014468077544599793,0.022222107719811455,0.02252398949101496,0.01486038446241086,0.014963827466471244,0.007230137202805436,0.00045817903888564044,5.945039284558625,8.783186060488372,0.014697877135726737,0.006145645214866098,0.006460662339196462,0.004795339424247022,7.0175475632762835e-12
4,DG_8pct,16,Z06_F10,6,3PH,183046,189963,True,5948.247417535292,5977.57252727799,6007.23322306927,6081.675927063809,6143.513382694417,3.056893355479447,0.3020540067250852,4.640257673883227,4.702638891559263,3.1026775000618834,3.1242811957836505,1.50956434956062,0.09565530416637787,6.050544497024762,8.939147189925873,3.068395349635059,1.2819255454691603,1.3476514961497064,1.0005465051281202,1.461973627310524e-09
4,DG_8pct,16,Z06_F11,6,3PH,174989,181926,True,5060.697133701943,5086.024679846641,5112.394131722929,5175.894102518282,5232.276505190877,20.031049702882658,1.0545186363369365,0.01853548738155459,0.018787457797295973,0.012395053661533513,0.012481322401244483,0.006030662977796358,0.0003821921167998207,6.839782385332794,10.106138294301962,20.182648274982576,1.2279212012312855,1.2912605900941148,0.1082676579545848,5.85437656340238e-12
4,DG_8pct,16,Z06_F12,6,3PH,174999,181936,True,5496.632341319144,5523.751210690772,5551.554865613965,5619.70837795342,5677.994183102356,7.898592956578749,0.0013101695368240938,0.020106355351980798,0.02037584505540153,0.013444481027294793,0.013538208457503833,0.006541206048827696,0.0004149074128028913,6.422077128196692,9.488387830285687,7.929018689291891,0.005568425416021704,0.005853147344742254,0.00434482092485002,6.3463905673841084e-12
4,DG_8pct,16,Z07_F01,7,SLG_A,175040,181979,True,4493.876181003269,4519.009556684083,4574.224649285767,4906.5152740286885,5269.565011679703,5939.110906183642,15.113013607932348,545.5680393023789,571.5239708370905,359.61254825298033,360.49377092555255,176.69200443065745,4.77653036406607,14.858561215298359,21.858443182331765,576.9890454119816,213.84755777268384,216.8885450416375,201.94791951904597,7.586812242426278e-08
4,DG_8pct,16,Z07_F02,7,SLG_A,175034,181969,True,4684.59069643324,4708.837389844827,4764.407155144782,5107.34886638438,5481.90927085,6176.01195164479,15.244418481535465,566.5727147016052,592.0307783658956,372.49980782236645,373.3963023666686,182.97438053565986,4.816875220169103,14.72185108508018,21.66505056028861,563.1966371676726,221.9594467253943,225.14174889801873,209.3355924048155,7.613553425355629e-08
4,DG_8pct,16,Z07_F03,7,SLG_A,175048,181972,True,4393.05298533336,4418.444356640396,4473.441042316,4801.221131590177,5159.56270773885,5819.288763995657,15.077442698027733,537.253438822109,563.3565764257598,354.4869673738449,355.3633128800321,174.19343493043317,4.766333670809578,14.919698649273368,21.945290190367327,567.8855502709157,210.59029357258504,213.58075328762047,198.9545577122496,7.581591126501597e-08
4,DG_8pct,16,Z07_F04,7,SLG_A,175041,181979,True,4493.876181003269,4519.009556684083,4574.224649285767,4906.5152740286885,5269.565011679703,5939.110906183642,15.113013607932348,545.5680393023789,571.5239708370905,359.61254825298033,360.49377092555255,176.69200443065745,4.77653036406607,14.858561215298359,21.858443182331765,576.9890454119816,213.84755777268384,216.8885450416375,201.94791951904597,7.586812242426278e-08
4,DG_8pct,16,Z07_F05,7,LL_AB,175042,181976,True,5112.902885920129,5127.937649566725,5153.8774734757535,5282.305212623648,5461.290343482109,5836.926612985365,10.304346067130108,397.21034802765206,395.07291228396485,246.63394062028286,246.85200595742006,120.44471076822913,3.332377023205096,12.501141598363109,18.835789469291772,505.91356081757215,176.95427305109138,175.6121966311232,186.04888441399714,6.146999078894358e-08
4,DG_8pct,16,Z07_F06,7,LL_AB,255469,181979,True,5255.997536456855,5270.4985906801585,5296.73304491269,5431.400606387521,5618.18766715486,6013.880113185203,9.9480649147152,408.54714150141564,412.6931874494895,253.16432426357164,253.3599653811721,123.81172725441134,3.208293228779975,12.275250087656998,18.511266008540034,495.37400381292156,185.28595444662218,184.03732966107592,193.9702912223005,6.11872995552509e-08
4,DG_8pct,16,Z07_F07,7,LL_AB,175041,181979,True,5255.997536456855,5270.4985906801585,5296.73304491269,5431.400606387521,5618.18766715486,6013.880113185203,9.9480649147152,408.54714150141564,412.6931874494895,253.16432426357164,253.3599653811721,123.81172725441134,3.208293228779975,12.275250087656998,18.511266008540034,495.37400381292156,185.28595444662218,184.03732966107592,193.9702912223005,6.11872995552509e-08
4,DG_8pct,16,Z07_F08,7,LL_AB,175048,181972,True,5171.822636203754,5186.245128401084,5211.8398213304,5340.799293069412,5521.149569684966,5902.390487869144,10.220842054536304,401.5219945392361,400.8165363134485,248.9876838782217,249.20113460250755,121.57703770015796,3.3120075890617473,12.454988597297106,18.77218598417817,481.26700671101753,180.29030813392944,178.98129875845405,189.20722971138198,6.146742772669465e-08
4,DG_8pct,16,Z07_F09,7,3PH,175035,181971,True,5485.670726561611,5515.812384371708,5546.721029425423,5625.986574264217,5693.185168103808,5703.1433736428835,0.8313304650247615,12.776717273225751,12.948780247685201,8.543019395376119,8.602477036316555,4.156491475764486,0.2632681710963947,6.56009930843183,9.692242176415022,2.0765561277606692,3.526388389837881,3.707362821444337,2.75554782038435,4.024372747190407e-09
4,DG_8pct,16,Z07_F10,7,3PH,255469,181979,True,5552.46602234105,5582.119995571137,5612.46932403481,5689.674090769053,5754.990871569667,5762.1193214998275,0.6352651959928349,9.761931747680354,9.893171879418876,6.527169588607696,6.572608155653487,3.1757040755194716,0.2011775912261424,6.469384398999313,9.558194681149503,0.013492352721390941,2.6951545841400413,2.833409976716642,2.104846764118813,3.080612147464785e-09
4,DG_8pct,16,Z07_F11,7,3PH,175034,181969,True,5741.991686252374,5770.229707010148,5798.959511413833,5870.216439960567,5930.136387839116,5929.201460708696,0.09368702047640624,1.4386983135926978,1.4577391794598433,0.9618576202120142,0.9685629266049162,0.46797541544018467,0.029669034814521312,6.209345219884426,9.173901687506971,0.013886615232030905,0.3975636700812346,0.41791560665942024,0.31081046657972883,4.5313274710953074e-10
4,DG_8pct,16,Z07_F12,7,3PH,175042,181976,True,5397.326395654616,5428.104783560414,5459.7448598494775,5541.710639036674,5611.385862505656,5625.0624766491765,1.089716652871865,16.75114386823143,16.977198904110576,11.200562921247155,11.278492666106017,5.449489461155739,0.3450947904940348,6.679356549350207,9.86845365768052,0.01316827128952006,4.621378526097161,4.858682353408713,3.613794118287763,5.280389091929402e-09
4,DG_8pct,16,Z08_F01,8,SLG_A,255472,181935,True,4205.9843705057765,4227.69593749172,4275.982300729263,4561.130865772186,4877.213103888833,482.12150793266596,5981.73621201359,602.3685056784726,629.6186065732107,395.6497300817574,396.50350727469214,194.2035287727599,4.818671287118172,14.821617918918335,21.81176414433452,482.0759476617659,238.9533801072158,242.10550338964015,226.38632158755155,7.702964336644943e-08
4,DG_8pct,16,Z08_F02,8,SLG_A,255472,181935,True,4205.9843705057765,4227.69593749172,4275.982300729263,4561.130865772186,4877.213103888833,482.12150793266596,5981.73621201359,602.3685056784726,629.6186065732107,395.6497300817574,396.50350727469214,194.2035287727599,4.818671287118172,14.821617918918335,21.81176414433452,482.0759476617659,238.9533801072158,242.10550338964015,226.38632158755155,7.702964336644943e-08
4,DG_8pct,16,Z08_F03,8,SLG_A,255471,255418,True,4344.257078994652,4365.8578484974605,4414.645929660599,4706.384874762133,5029.05774730767,492.6992309865059,6159.188553783117,615.9960951491324,643.0974558635287,404.08004200931447,404.9396153839218,198.3126570583981,4.827860737611712,14.744666532240881,21.702331411347977,492.66204386598514,244.4540601150641,247.6712360520483,231.56890597528758,7.701332878409999e-08
4,DG_8pct,16,Z08_F04,8,SLG_A,255472,181935,True,4205.9843705057765,4227.69593749172,4275.982300729263,4561.130865772186,4877.213103888833,482.12150793266596,5981.73621201359,602.3685056784726,629.6186065732107,395.6497300817574,396.50350727469214,194.2035287727599,4.818671287118172,14.821617918918335,21.81176414433452,482.0759476617659,238.9533801072158,242.10550338964015,226.38632158755155,7.702964336644943e-08
4,DG_8pct,16,Z08_F05,8,LL_AB,255471,255418,True,5129.340639591722,5139.7607051247,5160.21426299061,5264.519719895601,5418.60985762959,405.53068160806805,6147.902171274462,471.6793388276411,490.2322339102781,300.5510274353002,299.99459127667524,147.14279121843612,3.1136878906314287,12.414343959665093,18.699165817397535,405.1361422779897,219.20723873298883,218.04205318801675,227.77200673433833,6.308069783184319e-08
4,DG_8pct,16,Z08_F06,8,LL_AB,255472,181935,True,5020.610360870578,5030.595718344222,5049.858339696742,5145.361171549087,5289.8448097231285,389.23545632897145,5977.027741169396,458.2845526814874,469.9712049850066,288.0058344963857,287.44846489912175,141.0588729714065,3.2761081392715674,12.673376601506378,19.07644992937351,388.82991332723,210.62737472434816,209.37069946658235,219.40927132640203,6.363479153746094e-08
4,DG_8pct,16,Z08_F07,8,LL_AB,255471,255418,True,5129.340639591722,5139.7607051247,5160.21426299061,5264.519719895601,5418.60985762959,405.53068160806805,6147.902171274462,471.6793388276411,490.2322339102781,300.5510274353002,299.99459127667524,147.14279121843612,3.1136878906314287,12.414343959665093,18.699165817397535,405.1361422779897,219.20723873298883,218.04205318801675,227.77200673433833,6.308069783184319e-08
4,DG_8pct,16,Z08_F08,8,LL_AB,255471,255418,True,5129.340639591722,5139.7607051247,5160.21426299061,5264.519719895601,5418.60985762959,405.53068160806805,6147.902171274462,471.6793388276411,490.2322339102781,300.5510274353002,299.99459127667524,147.14279121843612,3.1136878906314287,12.414343959665093,18.699165817397535,405.1361422779897,219.20723873298883,218.04205318801675,227.77200673433833,6.308069783184319e-08
4,DG_8pct,16,Z08_F09,8,3PH,255472,181935,True,5298.460399588959,5325.564564653696,5353.534181914022,5422.471371162138,5482.1427265643715,13.005486859837855,5487.4381228283855,5.33734243201755,5.409378205162482,3.568828198832604,3.593663173426602,1.7363668684400675,0.10997611902958876,6.63540388855258,9.803707856831519,13.081294832171864,1.473307701989599,1.5489284652113997,1.1513638566936906,1.6821857487172044e-09
4,DG_8pct,16,Z08_F10,8,3PH,255472,181935,True,5298.460399588959,5325.564564653696,5353.534181914022,5422.471371162138,5482.1427265643715,13.005486859837855,5487.4381228283855,5.33734243201755,5.409378205162482,3.568828198832604,3.593663173426602,1.7363668684400675,0.10997611902958876,6.63540388855258,9.803707856831519,13.081294832171864,1.473307701989599,1.5489284652113997,1.1513638566936906,1.6821857487172044e-09
4,DG_8pct,16,Z08_F11,8,3PH,255471,255418,True,5404.302907109308,5431.00320541783,5458.461857447354,5525.470922150229,5583.1942648506165,10.502947059808458,5582.833597350452,0.7620490071746778,0.7722039389860524,0.5094853169096006,0.5130331327990432,0.24788228153295327,0.015702853463903196,6.5060237599949255,9.61249512887287,10.551691001139407,0.2102554723640124,0.2210416052847926,0.16445803310735713,2.4045589251364374e-10
4,DG_8pct,16,Z08_F12,8,3PH,255471,255418,True,5404.302907109308,5431.00320541783,5458.461857447354,5525.470922150229,5583.1942648506165,10.502947059808458,5582.833597350452,0.7620490071746778,0.7722039389860524,0.5094853169096006,0.5130331327990432,0.24788228153295327,0.015702853463903196,6.5060237599949255,9.61249512887287,10.551691001139407,0.2102554723640124,0.2210416052847926,0.16445803310735713,2.4045589251364374e-10
4,DG_8pct,16,Z09_F01,9,SLG_A,175070,181996,True,3395.0364701331855,3410.136466978543,3442.960985071078,3617.4770795112004,3823.9719330311277,357.1280264707077,15.833512181476621,4311.041406387456,813.1975836102647,509.3453077110828,510.1028886321111,249.46320026117843,4.8482787521892226,14.976708770992497,22.039590149636464,357.0568090763633,198.57446904233115,201.6172735242845,196.94989042369744,7.940719504027505e-08
4,DG_8pct,16,Z09_F02,9,SLG_A,175070,181996,True,3395.0364701331855,3410.136466978543,3442.960985071078,3617.4770795112004,3823.9719330311277,357.1280264707077,15.833512181476621,4311.041406387456,813.1975836102647,509.3453077110828,510.1028886321111,249.46320026117843,4.8482787521892226,14.976708770992497,22.039590149636464,357.0568090763633,198.57446904233115,201.6172735242845,196.94989042369744,7.940719504027505e-08
4,DG_8pct,16,Z09_F03,9,SLG_A,175063,181995,True,3468.125036613229,3483.7606283427203,3517.7503153113366,3700.542372260806,3915.1042427029024,366.53644808095,15.79222886282618,4423.908283615775,798.4471808959368,500.2121072558277,500.9776243363754,245.02427169131752,4.846407377588317,14.95222595334199,22.0044679088572,366.4680568159931,204.77918348601295,207.84926325434523,203.47279885318247,7.925300885565842e-08
4,DG_8pct,16,Z09_F04,9,SLG_A,175070,181996,True,3395.0364701331855,3410.136466978543,3442.960985071078,3617.4770795112004,3823.9719330311277,357.1280264707077,15.833512181476621,4311.041406387456,813.1975836102647,509.3453077110828,510.1028886321111,249.46320026117843,4.8482787521892226,14.976708770992497,22.039590149636464,357.0568090763633,198.57446904233115,201.6172735242845,196.94989042369744,7.940719504027505e-08
4,DG_8pct,16,Z09_F05,9,LL_AB,175064,181996,True,4199.423266556997,4201.87911058068,4208.889147305135,4231.8773882464175,4298.8131317073885,261.8868198211888,12.267679636407497,4568.317194008507,663.7623401039347,407.45425703595976,407.01615449250664,199.58905569592324,3.2671289149317024,13.667744331107214,20.483320748816542,261.47498320567166,167.69920939984598,166.44423242627204,187.77172339218765,7.027407792338068e-08
4,DG_8pct,16,Z09_F06,9,LL_AB,175062,181994,True,4367.404966343001,4371.0072928525915,4379.85091126643,4413.78028415845,4491.980872786603,282.25528896283504,11.818548215856232,4801.22443826237,630.8437416977125,387.1982643248112,386.78694155615716,189.6287412658914,3.25177774168055,13.459949973880716,20.186676593666856,281.84362045410444,182.01089040329438,180.76014114768125,202.9654725075833,6.899768776855508e-08
4,DG_8pct,16,Z09_F07,9,LL_AB,175064,181996,True,4199.423266556997,4201.87911058068,4208.889147305135,4231.8773882464175,4298.8131317073885,261.8868198211888,12.267679636407497,4568.317194008507,663.7623401039347,407.45425703595976,407.01615449250664,199.58905569592324,3.2671289149317024,13.667744331107214,20.483320748816542,261.47498320567166,167.69920939984598,166.44423242627204,187.77172339218765,7.027407792338068e-08
4,DG_8pct,16,Z09_F08,9,LL_AB,175069,181998,True,4170.006643168652,4172.083394348125,4178.5678764582035,4198.800889780946,4263.025665587446,258.52029203868307,12.432589946222569,4524.628945386131,653.1214598052564,400.8862547527988,400.4513557314348,196.39642229255838,3.3302573007242278,13.7445927522387,20.595799575254528,258.1072877831724,165.28238984599074,164.01898914997668,185.2385126401254,7.0564804262831e-08
4,DG_8pct,16,Z09_F09,9,3PH,175070,181996,True,4370.335086912366,4393.496746608343,4418.320987707762,4475.899481590148,4532.168606243815,38.728154379091386,3.032400434072365,4533.83009423891,0.01629153231571524,0.010747060623337239,0.010821715127886745,0.005228873536679713,0.00033090437958183306,8.140933239618615,12.096396013302426,39.17460969458787,10.020841972180136,10.539896235923047,7.1791512704330795,5.0559874638584995e-12
4,DG_8pct,16,Z09_F10,9,3PH,175061,181993,True,4895.199462211751,4919.691844359783,4945.361666587957,5006.36398371725,5061.704418909936,24.701549199607403,1.5465850657335236,5061.343777972321,0.018171159937837477,0.01198808041790103,0.012071476565183745,0.005832662955476385,0.00036952553691077246,7.06622841832016,10.49695711494055,24.917708313807335,3.4153923756004514,3.5918263947104534,1.8596959275482974,5.650051430300615e-12
4,DG_8pct,16,Z09_F11,9,3PH,175069,181998,True,4339.817833872676,4362.890141017266,4387.654103819593,4444.990816492813,4501.300136004361,39.54912527432265,3.1193166152093403,4503.092442309826,1.6865380626180304,1.1122050048356282,1.1198928210806984,0.5411405526436099,0.03411172019134878,8.204293577821788,12.190685465807462,40.010137040224464,10.407129847745225,10.946270440108743,7.4910151129021365,5.214910944846082e-10
4,DG_8pct,16,Z09_F12,9,3PH,175065,181998,True,4339.817833872676,4362.890141017266,4387.654103819593,4444.990816492813,4501.300136004361,39.54912527432265,3.1193166152093403,4503.092442309826,1.6865380626180304,1.1122050048356282,1.1198928210806984,0.5411405526436099,0.03411172019134878,8.204293577821788,12.190685465807462,40.010137040224464,10.407129847745225,10.946270440108743,7.4910151129021365,5.214910944846082e-10
4,DG_8pct,16,Z10_F01,10,SLG_A,175078,182012,True,3053.6861561472892,3069.451318543018,3101.0732129216535,3257.3518088153146,3445.6451241862783,324.8449730472262,15.98796499731984,3870.8811894271244,3881.500805313925,536.2682749043404,536.9995387901962,262.5461613533814,4.851105840940979,15.213746010128268,22.374358045801568,324.74784054002066,178.13859728568204,180.9124316233488,176.56123886112937,8.012269195790539e-08
4,DG_8pct,16,Z10_F02,10,SLG_A,175074,182004,True,3277.1447257407694,3291.3802284798567,3322.439807382529,3484.738570484019,3679.4835497284566,343.5039778036082,15.900634628115572,4134.982917638561,4143.839825478592,524.6264526163254,525.3705985005153,256.89013206443656,4.851094933358167,15.019038849001436,22.10021205077943,343.42868523208136,189.59059793853498,192.5917580775331,187.5274577870054,7.980025254707336e-08
4,DG_8pct,16,Z10_F03,10,SLG_A,175075,182006,True,3231.254312721595,3245.467278874364,3276.361095306967,3436.9042648504314,3630.058882053097,340.7761198327546,15.901071766401776,4080.20265463713,4089.5242000051135,519.4134749317441,520.1552165865482,254.34952785618583,4.847070361414013,15.04781847019269,22.140970388198166,340.6985154909309,187.86313754769176,190.840567260696,185.8089093579217,7.9792625725887e-08
4,DG_8pct,16,Z10_F04,10,SLG_A,255389,182013,True,3050.7884576728907,3066.558394648591,3098.1769749636464,3254.3739323246505,3442.5936341597667,324.67614344048707,15.993173204216394,3867.530434971251,3878.175698456874,535.9148509333133,536.6458801851484,262.3738941836109,4.850553861574305,15.215747204579934,22.37718710826289,324.57884825485013,178.03308054655312,180.80514568529136,176.45847679187847,8.008023038129671e-08
4,DG_8pct,16,Z10_F05,10,LL_AB,175068,182000,True,4099.616782366921,4101.252869997711,4107.045208675278,4123.1229763523515,4183.143274357615,250.972196230046,12.593629882833644,4429.43939681377,4437.846737139462,410.4085668464004,409.96319491708005,201.15804426848388,3.3242563978101196,13.818027111208664,20.699917883364893,251.19888457755036,159.56622088382863,158.31020664496305,179.07457302756006,7.102217233748302e-08
4,DG_8pct,16,Z10_F06,10,LL_AB,175081,182012,True,3845.2204335392835,3848.4037328473937,3855.1714727982608,3869.705325080598,3927.8581723540356,238.97229091754383,13.179449438827294,4144.634270722901,4155.164142705158,432.5152723109433,432.0412028992936,211.58072165116357,3.365662383245281,14.150742032458666,21.180115453130824,239.17193620047368,143.95041269760728,142.5246572715513,163.31562488538322,7.281776053829121e-08
4,DG_8pct,16,Z10_F07,10,LL_AB,175067,181997,True,4127.268009162982,4129.247406862326,4135.510580369683,4154.051163908594,4216.487704888163,253.59726045671897,12.448481498285128,4469.919921184745,4477.885153651793,416.887849807482,416.43886034449974,204.30920035301696,3.267885462785002,13.751075706586748,20.602074210528972,253.82413143321014,161.79725997038673,160.54641559751917,181.42436530973742,7.085287924483236e-08
4,DG_8pct,16,Z10_F08,10,LL_AB,175083,182014,True,3825.3828185607736,3828.8208409478057,3835.8220500417942,3850.8904968101283,3909.4972374510726,238.12494298417127,13.188847686991219,4124.906337907532,4135.545999826005,441.87029268587077,441.3989498530306,216.1297502684685,3.3347778265977515,14.157686065066786,21.189170231157885,238.32183186953222,142.78621161703742,141.3527668319174,162.11052513388117,7.241786309112267e-08
4,DG_8pct,16,Z10_F09,10,3PH,211128,210023,True,4178.843733472306,4201.919967149525,4226.856142278913,4284.478797896246,4342.425001715041,43.7031199206656,3.5596538054821245,4346.077081850452,4352.735057608127,2.161849915171327,2.176802532036885,1.051845727293351,0.0663843127374805,8.555876475502338,12.71379245410705,44.22000893017136,12.370951974867207,13.012257265045204,9.081187469390544,1.014590665772905e-09
4,DG_8pct,16,Z10_F10,10,3PH,175080,182004,True,4235.464695752138,4258.220957582096,4282.76915760744,4339.166722593132,4395.610530582058,42.37107597816086,3.416926789873393,4397.839233685472,4404.139762168682,0.010428366744432666,0.010500778871009742,0.005073819381375078,0.0003209881422407632,8.421685641689056,12.514197693747024,42.872322260593414,11.729370788965443,12.337313424538536,8.559318906820534,4.9120085989494865e-12
4,DG_8pct,16,Z10_F11,10,3PH,175082,182011,True,4007.3682540711648,4032.3385267976564,4059.401006577372,4124.031822374318,4189.136720028939,47.60002614536203,3.9847636079135844,4199.304874338281,4206.669798976046,0.009956823181322487,0.010025938426781742,0.0048443885463987065,0.00030634399008413126,8.992548850008939,13.363193474254206,48.16270754976365,14.31006175070392,15.052212026245531,10.668891681847805,4.684874723863021e-12
4,DG_8pct,16,Z10_F12,10,3PH,175066,182000,True,4258.981450112902,4281.810561544554,4306.408896561146,4363.0271105386855,4419.4425553699375,41.73290659267721,3.3498076892155315,4421.5744829949335,4427.649637162415,1.0855262249106543,1.0930253945764072,0.5281607834422068,0.033278290631208796,8.372603008965232,12.441155886128984,42.226663506181175,11.43121900587014,12.023642500820694,8.31834412689444,5.096362235996397e-10
4,DG_8pct,16,Z11_F01,11,SLG_A,175087,182020,True,2794.901301499159,2811.899045398234,2843.447937361481,2989.3694192378425,3167.2194580077357,300.02839651663095,16.489048403184537,3550.3513296181127,3563.1095678231677,3756.9374795664303,567.0529331141522,277.164253081985,4.8882998449478965,15.41363705684031,22.656107785771574,299.9077355923202,163.08197457049616,165.5933047272228,162.01430450952788,7.969468506012486e-08
4,DG_8pct,16,Z11_F02,11,SLG_A,175086,182019,True,2927.7567482928807,2944.0650290358294,2975.5514252152325,3126.177360543451,3308.759712873951,312.61926216577314,16.229276139424147,3712.5159743524882,3724.241663714472,3926.737049715275,555.0317638783964,271.31885242791134,4.874288393868217,15.30989257918413,22.509882807885873,312.51035350742626,170.52585814381763,173.17338278730404,169.13444559956642,7.995705781376336e-08
4,DG_8pct,16,Z11_F03,11,SLG_A,175087,182020,True,2794.901301499159,2811.899045398234,2843.447937361481,2989.3694192378425,3167.2194580077357,300.02839651663095,16.489048403184537,3550.3513296181127,3563.1095678231677,3756.9374795664303,567.0529331141522,277.164253081985,4.8882998449478965,15.41363705684031,22.656107785771574,299.9077355923202,163.08197457049616,165.5933047272228,162.01430450952788,7.969468506012486e-08
4,DG_8pct,16,Z11_F04,11,SLG_A,175087,182020,True,2794.901301499159,2811.899045398234,2843.447937361481,2989.3694192378425,3167.2194580077357,300.02839651663095,16.489048403184537,3550.3513296181127,3563.1095678231677,3756.9374795664303,567.0529331141522,277.164253081985,4.8882998449478965,15.41363705684031,22.656107785771574,299.9077355923202,163.08197457049616,165.5933047272228,162.01430450952788,7.969468506012486e-08
4,DG_8pct,16,Z11_F05,11,LL_AB,175087,182020,True,3554.7969679383114,3559.9387104837315,3568.1959525260563,3583.318913001558,3641.7079869692107,226.13323126275705,13.803238939520314,3830.872047834259,3843.58837714076,3964.1680844815146,466.0604733892315,228.16324380902662,3.366213659279286,14.48439454998838,21.66011109567942,226.30059966272475,127.4062274469101,129.472921705178,146.44326722446263,7.166185767756424e-08
4,DG_8pct,16,Z11_F06,11,LL_AB,175086,182019,True,3703.523820142764,3707.599171153138,3715.009078905304,3729.418328446943,3787.247854002508,232.3015913888512,13.47680399155081,3989.444543581825,4001.092834366706,4129.362969780424,452.5780008359007,221.58749343100203,3.3533115777318674,14.310386850795616,21.409422642293734,232.48583908405215,135.572332002323,134.27591861284083,154.76157014060698,7.200588803936561e-08
4,DG_8pct,16,Z11_F07,11,LL_AB,175086,182019,True,3703.523820142764,3707.599171153138,3715.009078905304,3729.418328446943,3787.247854002508,232.3015913888512,13.47680399155081,3989.444543581825,4001.092834366706,4129.362969780424,452.5780008359007,221.58749343100203,3.3533115777318674,14.310386850795616,21.409422642293734,232.48583908405215,135.572332002323,134.27591861284083,154.76157014060698,7.200588803936561e-08
4,DG_8pct,16,Z11_F08,11,LL_AB,175086,182019,True,3703.523820142764,3707.599171153138,3715.009078905304,3729.418328446943,3787.247854002508,232.3015913888512,13.47680399155081,3989.444543581825,4001.092834366706,4129.362969780424,452.5780008359007,221.58749343100203,3.3533115777318674,14.310386850795616,21.409422642293734,232.48583908405215,135.572332002323,134.27591861284083,154.76157014060698,7.200588803936561e-08
4,DG_8pct,16,Z11_F09,11,3PH,175087,182020,True,3646.0632556006963,3674.0520418152887,3704.6069945709028,3780.673273253636,3857.9263245947222,56.79919516288813,4.976727020733036,3879.628695290002,3888.7098378890482,3898.7774099907397,0.009261976200345103,0.004475261102675031,0.0002827947682832223,9.8769766191152,14.678502160659209,57.469864367563844,18.797960724685844,19.77381353133599,14.327615145874786,6.982248342491232e-09
4,DG_8pct,16,Z11_F10,11,3PH,175087,182020,True,3646.0632556006963,3674.0520418152887,3704.6069945709028,3780.673273253636,3857.9263245947222,56.79919516288813,4.976727020733036,3879.628695290002,3888.7098378890482,3898.7774099907397,0.009261976200345103,0.004475261102675031,0.0002827947682832223,9.8769766191152,14.678502160659209,57.469864367563844,18.797960724685844,19.77381353133599,14.327615145874786,6.982248342491232e-09
4,DG_8pct,16,Z11_F11,11,3PH,175087,182020,True,3646.0632556006963,3674.0520418152887,3704.6069945709028,3780.673273253636,3857.9263245947222,56.79919516288813,4.976727020733036,3879.628695290002,3888.7098378890482,3898.7774099907397,0.009261976200345103,0.004475261102675031,0.0002827947682832223,9.8769766191152,14.678502160659209,57.469864367563844,18.797960724685844,19.77381353133599,14.327615145874786,6.982248342491232e-09
4,DG_8pct,16,Z11_F12,11,3PH,175087,182020,True,3646.0632556006963,3674.0520418152887,3704.6069945709028,3780.673273253636,3857.9263245947222,56.79919516288813,4.976727020733036,3879.628695290002,3888.7098378890482,3898.7774099907397,0.009261976200345103,0.004475261102675031,0.0002827947682832223,9.8769766191152,14.678502160659209,57.469864367563844,18.797960724685844,19.77381353133599,14.327615145874786,6.982248342491232e-09
4,DG_8pct,16,Z12_F01,12,SLG_A,175094,182025,True,2572.0851308652145,2589.689440843321,2620.8926105593214,2758.188939836553,2927.9751117280553,280.2423304615367,16.885128974624642,3276.522721929409,3291.086920777211,3470.793880884307,3470.6384547151465,281.52240205550373,4.906818687096729,15.565460649790607,22.870624544389262,280.1055048534729,150.84694761801845,153.1593010700707,150.16893647412616,7.934954956081572e-08
4,DG_8pct,16,Z12_F02,12,SLG_A,175088,182017,True,2697.333968504624,2714.757631833918,2746.2646935570597,2888.428032440469,3062.5885797285564,290.53932126844387,16.67217048533223,3429.4788420026925,3442.991797008372,3630.3069527014522,3630.216249608867,281.68775541782037,4.900812699406788,15.485929451550644,22.758068015180378,290.4104813525839,157.23829885403714,159.65147629971761,156.3688258842237,7.9541266479386e-08
4,DG_8pct,16,Z12_F03,12,SLG_A,175091,182017,True,2697.333968504624,2714.757631833918,2746.2646935570597,2888.428032440469,3062.5885797285564,290.53932126844387,16.67217048533223,3429.4788420026925,3442.991797008372,3630.3069527014522,3630.216249608867,281.68775541782037,4.900812699406788,15.485929451550644,22.758068015180378,290.4104813525839,157.23829885403714,159.65147629971761,156.3688258842237,7.9541266479386e-08
4,DG_8pct,16,Z12_F04,12,SLG_A,175090,182024,True,2587.0304437721124,2604.845265336811,2636.306690641576,2774.812210288536,2945.5609507608037,281.04400147653206,16.872701945713867,3296.371526043143,3310.720127927151,3491.3651193185833,3491.215534555787,282.74631706238983,4.9012877116450095,15.562970341894507,22.866923410592772,280.90710996924923,151.39068937315807,153.70332857512255,150.74619681889484,7.918930589464457e-08
4,DG_8pct,16,Z12_F05,12,LL_AB,175093,182023,True,3362.4423175225716,3369.0560530500393,3378.525219138499,3394.980668145705,3454.5992069161357,218.12759934274655,14.216704968411896,3627.361463843984,3641.4654012553115,3752.2262850979173,3752.107135928311,237.65605707881673,3.3701002188732225,14.692441952475468,21.958606183213803,218.27224790657576,121.10962811588271,123.24216409443679,135.60339512012857,7.091102750577991e-08
4,DG_8pct,16,Z12_F06,12,LL_AB,175092,182023,True,3362.4423175225716,3369.0560530500393,3378.525219138499,3394.980668145705,3454.5992069161357,218.12759934274655,14.216704968411896,3627.361463843984,3641.4654012553115,3752.2262850979173,3752.107135928311,237.65605707881673,3.3701002188732225,14.692441952475468,21.958606183213803,218.27224790657576,121.10962811588271,123.24216409443679,135.60339512012857,7.091102750577991e-08
4,DG_8pct,16,Z12_F07,12,LL_AB,182910,182155,True,3062.071638639267,3070.644640972217,3081.758314004931,3100.052718742582,3161.7766326046335,206.33252281587835,14.875939093644437,3311.2844619280345,3327.5099972566763,3424.2664429758593,3424.0152948654045,249.86327102742035,3.3974313202661066,15.007856157282383,22.134825975397643,206.44320500779958,111.85180209807439,114.08133618687911,119.6881472052303,7.022143359606066e-08
4,DG_8pct,16,Z12_F08,12,LL_AB,182908,182152,True,3004.133010902078,3013.194686849248,3024.761906618462,3044.0161191612897,3106.6965778867348,203.99796491558328,14.94473199985113,3252.5130300136207,3269.0830646813256,3363.439445644468,3363.1628612002874,259.2584583318991,3.3492970262701047,14.36977213104448,22.175074569435516,204.10170658376902,110.0628208923139,112.30050909173598,116.5671795744052,6.981729286417665e-08
4,DG_8pct,16,Z12_F09,12,3PH,216920,215932,True,3082.9129806971896,3115.2095772112643,3150.8374277708467,3243.798171454913,3339.453737727492,71.95805646992895,6.590779189193283,3378.836475315686,3390.3287860156056,3409.407204370121,3409.1526569868465,0.0038895774256861738,0.00024576995707423997,11.224753909114197,16.682750723643117,72.80650459054354,26.0223599436907,27.374821831876154,20.19368895313569,1.7573837561207685e-08
4,DG_8pct,16,Z12_F10,12,3PH,235187,232294,True,2903.108866980782,2936.451069278724,2973.3776033925237,3070.7669190953243,3171.6305536488267,76.84754072636625,7.1059102590900345,3216.168220681408,3228.4526063150115,3250.2312053484,3249.9083848055157,1.8920666804884068,0.11912450955584984,11.637857468800922,17.29706759511424,77.75328332964489,28.30996136815601,29.7816881056781,22.045235184880045,2.0858614097768375e-08
4,DG_8pct,16,Z12_F11,12,3PH,182907,182153,True,2874.954745440766,2908.450059320936,2945.570081735844,3043.626712094736,3145.289375499781,77.61259049603291,7.186372876768447,3190.626620666665,3203.0338874996482,3225.2324549733858,3224.8990041549832,3225.802583013574,0.00023219531376195547,11.701949104782555,17.392380032642052,78.52729892605142,28.66679318443435,30.157121671928014,22.333847189496506,2.1355773493855853e-08
4,DG_8pct,16,Z12_F12,12,3PH,175089,182022,True,3427.855307165194,3457.6270521908546,3490.2575176003475,3573.187272395009,3657.7817483534704,62.60710433494475,5.598236165193861,3686.4720278797686,3696.505041207515,3710.1159109715227,3709.9956025171023,1.958443972877685,0.12336907734669099,10.4060296171625,15.465202426226252,63.34589929070873,21.59059630905116,22.712024228290854,16.599423574636354,1.1156907592679647e-08
4,DG_8pct,16,Z13_F01,13,SLG_A,182912,182157,True,2032.0638715717944,2049.1949577009445,2077.03885594208,2190.752453941581,2336.0295338015044,232.12093057599728,17.709152728558475,2590.5922631113817,2609.894171651504,2751.8470884061767,2751.402776010755,2958.7413570011868,5.021933717593737,14.04072926629903,20.623845386961737,231.95573556328304,120.49135863475995,122.36024369114057,120.74517003337715,7.872035547176754e-08
4,DG_8pct,16,Z13_F02,13,SLG_A,275695,182149,True,2165.316406179456,2183.7606835294546,2213.581149727067,2335.39532574804,2488.609483881035,241.85020731568792,17.55463831013133,2767.1857933649617,2784.939659799684,2936.1986415537062,2935.8176936628647,3157.353143431382,4.998009701748669,15.097281489605981,20.6503128077727,241.6854349525732,126.932861581962,128.84811896206995,127.22030394054038,7.882502094235405e-08
4,DG_8pct,16,Z13_F03,13,SLG_A,182914,182158,True,2010.2106372332742,2027.1518189457897,2054.7399235764674,2167.3505804304114,2311.8633981351404,231.04800400625643,17.737558662328706,2563.7202194471965,2583.2413089264164,2724.2349971576773,2723.78113355267,2929.6177841105764,5.023903843084547,14.037559728508096,20.620008501548803,230.8828699645361,119.7760436679337,121.64007205895234,120.0296876745442,7.864148634251819e-08
4,DG_8pct,16,Z13_F04,13,SLG_A,182914,182158,True,2010.2106372332742,2027.1518189457897,2054.7399235764674,2167.3505804304114,2311.8633981351404,231.04800400625643,17.737558662328706,2563.7202194471965,2583.2413089264164,2724.2349971576773,2723.78113355267,2929.6177841105764,5.023903843084547,14.037559728508096,20.620008501548803,230.8828699645361,119.7760436679337,121.64007205895234,120.0296876745442,7.864148634251819e-08
4,DG_8pct,16,Z13_F05,13,LL_AB,275695,182149,True,2840.427850447087,2849.7547308393355,2861.4232325675976,2879.1675812128847,2941.011266764596,197.6344211857185,15.43941319132821,3072.5051364428805,3090.440168872541,3176.7507426742313,3176.4064878597633,3342.002002513285,3.4180706233490983,13.475643270657924,19.943470174760435,197.72225871835403,105.0384305038669,107.35062652051143,108.4418690899581,6.98670654122046e-08
4,DG_8pct,16,Z13_F06,13,LL_AB,182912,182157,True,2704.987793098484,2713.3931530894847,2724.002475873119,2736.6946971351485,2794.5744590746312,190.74816316231974,15.897471796629594,2909.4914215785006,2929.014686436204,3006.6067171475024,3006.213752578483,3154.080604355674,3.4960950212768713,13.588732367770335,20.100796585343442,190.82660212436343,99.69825084440754,102.10552218718428,101.10484999914348,6.986173087119794e-08
4,DG_8pct,16,Z13_F07,13,LL_AB,182912,182157,True,2704.987793098484,2713.3931530894847,2724.002475873119,2736.6946971351485,2794.5744590746312,190.74816316231974,15.897471796629594,2909.4914215785006,2929.014686436204,3006.6067171475024,3006.213752578483,3154.080604355674,3.4960950212768713,13.588732367770335,20.100796585343442,190.82660212436343,99.69825084440754,102.10552218718428,101.10484999914348,6.986173087119794e-08
4,DG_8pct,16,Z13_F08,13,LL_AB,182901,182148,True,2833.244259818356,2842.392321054383,2853.868506362826,2870.855441238173,2932.041560077092,197.03717210356788,15.47235684994276,3061.9712454274663,3080.049948333001,3165.5718486501887,3165.2258221493057,3329.3450556102302,3.4252438288007196,13.484331071360755,19.95559609575467,197.12500307592316,104.580454836522,106.90290246689385,107.94269966814306,6.974808111447744e-08
4,DG_8pct,16,Z13_F09,13,3PH,182915,182158,True,2617.187054388142,2650.9531185570436,2688.718083891346,2789.1773238141,2895.448758557939,84.50844214995051,7.905140540605021,2945.3438589011557,2959.326279202133,2984.5751512364914,2984.148844763437,2989.3434968021375,0.00021493282453458339,12.25087539790602,18.208741862728566,85.50380359607284,31.836547182405205,33.49217918148852,24.892782670269504,2.5806003373288797e-08
4,DG_8pct,16,Z13_F10,13,3PH,182911,182148,True,2787.0001595657022,2820.7928878529765,2858.3364377023704,2957.877619972636,3061.58471540096,79.9844330573481,7.434700977528774,3109.0447842962535,3121.90930144632,3145.2874093822343,3144.921532913653,3147.4101081957324,0.000226440690427936,11.89578916187483,17.68066461523796,80.92692374173896,29.764707105470407,31.31227481484737,23.220805711904795,2.2898774926034853e-08
4,DG_8pct,16,Z13_F11,13,3PH,182901,182148,True,2787.0001595657022,2820.7928878529765,2858.3364377023704,2957.877619972636,3061.58471540096,79.9844330573481,7.434700977528774,3109.0447842962535,3121.90930144632,3145.2874093822343,3144.921532913653,3147.4101081957324,0.000226440690427936,11.89578916187483,17.68066461523796,80.92692374173896,29.764707105470407,31.31227481484737,23.220805711904795,2.2898774926034853e-08
4,DG_8pct,16,Z13_F12,13,3PH,182912,182157,True,2637.6495004104436,2671.42699248764,2709.172719783967,2809.5405059368454,2915.5069093125626,83.9631564236383,7.8484890914301495,2965.1477881002315,2978.995038424194,3004.0193116542246,3003.600288976008,3008.468683982019,0.00021627302932625421,12.20823344528487,18.145335915007358,84.95215778118137,31.587014742019505,33.22962134520223,24.691192993515127,2.546680374286895e-08
4,DG_8pct,16,Z14_F01,14,SLG_A,182916,182161,True,1857.4747981581263,1873.3491254309304,1898.8955724924667,2003.1285318152156,2142.2584441047493,223.643718369172,17.933638812372056,2374.9571893873963,2396.031111733321,2530.251461638327,2529.7307623759607,2725.020487686254,2955.6639762213645,14.015075664906927,20.592737096105882,223.47979225475788,114.79611163245401,116.63263384155027,115.02913951231729,7.853824897609882e-08
4,DG_8pct,16,Z14_F02,14,SLG_A,235185,232292,True,1918.4819477963947,1934.806027861994,1961.2220438780707,2068.9403630210913,2210.120245267286,226.57619239174176,17.85567660135872,2450.5192279236626,2470.9679037036017,2607.905182120164,2607.4111952148974,2806.9177582592692,3042.96816338534,14.024104957377094,20.603691838497394,226.41161499302353,116.77808043771384,118.6241674290481,117.02358595943373,7.881083260609121e-08
4,DG_8pct,16,Z14_F03,14,SLG_A,235185,232292,True,1918.4819477963947,1934.806027861994,1961.2220438780707,2068.9403630210913,2210.120245267286,226.57619239174176,17.85567660135872,2450.5192279236626,2470.9679037036017,2607.905182120164,2607.4111952148974,2806.9177582592692,3042.96816338534,14.024104957377094,20.603691838497394,226.41161499302353,116.77808043771384,118.6241674290481,117.02358595943373,7.881083260609121e-08
4,DG_8pct,16,Z14_F04,14,SLG_A,182916,182161,True,1857.4747981581263,1873.3491254309304,1898.8955724924667,2003.1285318152156,2142.2584441047493,223.643718369172,17.933638812372056,2374.9571893873963,2396.031111733321,2530.251461638327,2529.7307623759607,2725.020487686254,2955.6639762213645,14.015075664906927,20.592737096105882,223.47979225475788,114.79611163245401,116.63263384155027,115.02913951231729,7.853824897609882e-08
4,DG_8pct,16,Z14_F05,14,LL_AB,182916,182161,True,2553.528551153043,2560.450811919152,2569.0965614652578,2573.7290701756247,2625.6555088336827,185.1901357997524,16.64009930525842,2722.509186469016,2743.9904550423244,2812.384231489889,2811.938583612418,2941.3535960139484,3117.2988556324185,13.787173888437795,20.377310403616445,185.25964861656124,95.01023792665303,97.55243231380798,94.41974106862938,7.094969490626364e-08
4,DG_8pct,16,Z14_F06,14,LL_AB,235185,232292,True,2607.1358021641213,2614.562694841994,2623.855415273925,2631.125634488061,2685.018508108281,187.54275120718728,16.40651832573315,2788.276822041341,2809.0776911751905,2880.6606162309704,2880.2333741269854,3016.0298078937776,3200.2101439422922,13.72430613550386,20.289738211270237,187.61573734491884,96.86864788947868,99.36748212696767,96.92060749758699,7.05495340086229e-08
4,DG_8pct,16,Z14_F07,14,LL_AB,182916,182161,True,2553.528551153043,2560.450811919152,2569.0965614652578,2573.7290701756247,2625.6555088336827,185.1901357997524,16.64009930525842,2722.509186469016,2743.9904550423244,2812.384231489889,2811.938583612418,2941.3535960139484,3117.2988556324185,13.787173888437795,20.377310403616445,185.25964861656124,95.01023792665303,97.55243231380798,94.41974106862938,7.094969490626364e-08
4,DG_8pct,16,Z14_F08,14,LL_AB,235185,232292,True,2607.1358021641213,2614.562694841994,2623.855415273925,2631.125634488061,2685.018508108281,187.54275120718728,16.40651832573315,2788.276822041341,2809.0776911751905,2880.6606162309704,2880.2333741269854,3016.0298078937776,3200.2101439422922,13.72430613550386,20.289738211270237,187.61573734491884,96.86864788947868,99.36748212696767,96.92060749758699,7.05495340086229e-08
4,DG_8pct,16,Z14_F09,14,3PH,235185,232292,True,2529.580964774302,2563.268473643224,2601.0891319959187,2701.872173962731,2809.407970333904,86.7890097125981,8.147613472964876,2860.271888622999,2874.8355662555364,2901.041805748305,2900.584304743233,2907.175572424579,2909.1927235565795,12.432986435776673,18.479528279207962,87.83342911029985,32.903293653815346,34.614735481884644,25.756810838751502,2.7326458108375033e-08
4,DG_8pct,16,Z14_F10,14,3PH,235185,232292,True,2529.580964774302,2563.268473643224,2601.0891319959187,2701.872173962731,2809.407970333904,86.7890097125981,8.147613472964876,2860.271888622999,2874.8355662555364,2901.041805748305,2900.584304743233,2907.175572424579,2909.1927235565795,12.432986435776673,18.479528279207962,87.83342911029985,32.903293653815346,34.614735481884644,25.756810838751502,2.7326458108375033e-08
4,DG_8pct,16,Z14_F11,14,3PH,182916,182161,True,2469.8437772002026,2503.4485104707105,2541.2806610064004,2642.216372720809,2750.608605589365,88.26342369681741,8.312973679774956,2801.9183234116854,2816.8811944282515,2843.7349927394207,2843.2561949362853,2850.7997024280935,2853.914588439281,12.556718804640694,18.663538169320557,89.34190449928875,33.62962621035708,35.37929403587097,26.34903510923845,2.827525970550751e-08
4,DG_8pct,16,Z14_F12,14,3PH,235185,232292,True,2529.580964774302,2563.268473643224,2601.0891319959187,2701.872173962731,2809.407970333904,86.7890097125981,8.147613472964876,2860.271888622999,2874.8355662555364,2901.041805748305,2900.584304743233,2907.175572424579,2909.1927235565795,12.432986435776673,18.479528279207962,87.83342911029985,32.903293653815346,34.614735481884644,25.756810838751502,2.7326458108375033e-08
4,DG_8pct,16,Z15_F01,15,SLG_A,157128,165461,True,5528.073773440081,5553.274177521616,5644.163124565022,1188.0193718266696,680.0882250256544,257.2545474505207,17.969972402160497,288.6670588945382,307.5866615853426,194.93566960960968,195.9596671947831,96.54209587647772,5.6306177403335615,6992.180314265049,21.395322904822947,257.123681315029,102.39878521902872,104.66043869445907,96.09223951962296,7.547172632203924e-08
4,DG_8pct,16,Z15_F02,15,SLG_A,157128,165461,True,5528.073773440081,5553.274177521616,5644.163124565022,1188.0193718266696,680.0882250256544,257.2545474505207,17.969972402160497,288.6670588945382,307.5866615853426,194.93566960960968,195.9596671947831,96.54209587647772,5.6306177403335615,6992.180314265049,21.395322904822947,257.123681315029,102.39878521902872,104.66043869445907,96.09223951962296,7.547172632203924e-08
4,DG_8pct,16,Z15_F03,15,SLG_A,157129,165463,True,5007.394476193909,5033.0400708775105,5119.268456228814,1126.142920433431,646.3383155308447,244.79510334582258,18.244043810262987,277.9131217946667,296.28447566559635,187.9763742351861,189.00844639985075,93.14208816359252,5.723157822688592,6374.917609633394,21.74077426827827,244.65915433899494,97.52236529402376,99.745788957462,91.62665867911113,7.605950750891355e-08
4,DG_8pct,16,Z15_F04,15,SLG_A,157128,165461,True,5528.073773440081,5553.274177521616,5644.163124565022,1188.0193718266696,680.0882250256544,257.2545474505207,17.969972402160497,288.6670588945382,307.5866615853426,194.93566960960968,195.9596671947831,96.54209587647772,5.6306177403335615,6992.180314265049,21.395322904822947,257.123681315029,102.39878521902872,104.66043869445907,96.09223951962296,7.547172632203924e-08
4,DG_8pct,16,Z15_F05,15,LL_AB,157130,165465,True,6282.173629015141,6292.41949428987,6326.9997419023175,786.2398897129774,456.99009274611916,166.53968025628654,16.80789900480987,192.76030890056342,194.15799468390412,123.62624686936921,124.12944325184927,60.628930734176365,5.455438561066581,6837.928365622114,20.01042529793792,166.6260936626167,65.5129171027079,67.7048188423077,69.90095646728709,6.798208753892432e-08
4,DG_8pct,16,Z15_F06,15,LL_AB,157130,165465,True,6282.173629015141,6292.41949428987,6326.9997419023175,786.2398897129774,456.99009274611916,166.53968025628654,16.80789900480987,192.76030890056342,194.15799468390412,123.62624686936921,124.12944325184927,60.628930734176365,5.455438561066581,6837.928365622114,20.01042529793792,166.6260936626167,65.5129171027079,67.7048188423077,69.90095646728709,6.798208753892432e-08
4,DG_8pct,16,Z15_F07,15,LL_AB,157128,165461,True,6827.196864679977,6837.223917387117,6875.571244903126,820.8479046528056,473.2762603500782,172.3510318950786,15.91224725208357,194.26850809651125,195.46230862849777,124.23255584228949,124.69783297126598,60.91223570237426,5.1664114739571385,7514.535071835321,19.01124909375358,172.4535623330011,67.48526164262915,69.5294977912334,73.87234589096536,6.624576527331428e-08
4,DG_8pct,16,Z15_F08,15,LL_AB,157128,165461,True,6827.196864679977,6837.223917387117,6875.571244903126,820.8479046528056,473.2762603500782,172.3510318950786,15.91224725208357,194.26850809651125,195.46230862849777,124.23255584228949,124.69783297126598,60.91223570237426,5.1664114739571385,7514.535071835321,19.01124909375358,172.4535623330011,67.48526164262915,69.5294977912334,73.87234589096536,6.624576527331428e-08
4,DG_8pct,16,Z15_F09,15,3PH,157129,165463,True,6981.40995622441,7007.028742420585,7032.022573780542,266.3416903220586,172.24610298863223,61.43100942398497,6.070655399367413,93.50034652677849,94.85054989319258,62.548077820682245,62.98031449662036,30.432901433470835,1.9224903875700294,7279.004260822904,7.112504347167402,62.15345775305475,25.674382341309613,27.006371955778334,20.34154820584253,2.9413637981444977e-08
4,DG_8pct,16,Z15_F10,15,3PH,157128,165461,True,7518.298485867071,7541.729850536837,7564.0329948943345,229.5492266698186,148.45083789752437,52.93936754937865,5.2316200613063355,80.57938030129019,81.74231935023715,53.90423536983129,54.2767630046213,26.227213072734248,1.6567796230225613,7778.168978431366,6.129548108552717,53.56203027962525,22.126423507685885,23.274236094608156,17.52919134098112,2.5282627560410334e-08
4,DG_8pct,16,Z15_F11,15,3PH,157128,165461,True,7518.298485867071,7541.729850536837,7564.0329948943345,229.5492266698186,148.45083789752437,52.93936754937865,5.2316200613063355,80.57938030129019,81.74231935023715,53.90423536983129,54.2767630046213,26.227213072734248,1.6567796230225613,7778.168978431366,6.129548108552717,53.56203027962525,22.126423507685885,23.274236094608156,17.52919134098112,2.5282627560410334e-08
4,DG_8pct,16,Z15_F12,15,3PH,157130,165465,True,6876.199500876019,6902.228607452625,6927.731601396851,273.45216484298624,176.8447883312842,63.072181175626646,6.232817411353256,95.99748919619213,97.38390219206502,64.21861855657572,64.66239430020427,31.245708419175607,1.9738448329529785,7180.992371005344,7.302483769215967,63.81391312691443,26.36011015724176,27.7276983753181,20.885105124395682,3.0171844321023644e-08
4,DG_8pct,16,Z16_F01,16,SLG_A,157121,165455,True,5974.187418499868,6002.867381988023,6102.482848820206,1229.3113549850232,699.2544160819632,265.3697881926729,18.07558419633907,292.131246787141,312.1695310440105,197.39670270898227,198.39954681821922,97.73444457618793,5.658463364419336,14.604726083995498,7569.398345137521,265.22967977173045,105.51155577919423,107.66749696859206,99.6504251296451,7.559443063511031e-08
4,DG_8pct,16,Z16_F02,16,SLG_A,318386,283563,True,6347.852011459443,6375.650057964795,6478.007931665423,1277.1660177152783,726.169455604743,275.0720981411658,17.851999256290036,301.35202708628304,321.550837603969,203.2484998850141,204.2503849659966,100.5957639659846,5.583544102873497,14.409182823468468,8002.911919771686,274.93920429580845,109.32746136688372,111.53844807008234,103.06007045273046,7.512045375533128e-08
4,DG_8pct,16,Z16_F03,16,SLG_A,157123,165455,True,5974.187418499868,6002.867381988023,6102.482848820206,1229.3113549850232,699.2544160819632,265.3697881926729,18.07558419633907,292.131246787141,312.1695310440105,197.39670270898227,198.39954681821922,97.73444457618793,5.658463364419336,14.604726083995498,7569.398345137521,265.22967977173045,105.51155577919423,107.66749696859206,99.6504251296451,7.559443063511031e-08
4,DG_8pct,16,Z16_F04,16,SLG_A,157123,165455,True,5974.187418499868,6002.867381988023,6102.482848820206,1229.3113549850232,699.2544160819632,265.3697881926729,18.07558419633907,292.131246787141,312.1695310440105,197.39670270898227,198.39954681821922,97.73444457618793,5.658463364419336,14.604726083995498,7569.398345137521,265.22967977173045,105.51155577919423,107.66749696859206,99.6504251296451,7.559443063511031e-08
4,DG_8pct,16,Z16_F05,16,LL_AB,157122,165452,True,7986.225762081884,8016.776174108858,8054.336013939983,943.0127211815712,535.3286036477324,194.89551357215456,13.918595855917905,215.84386024009328,207.95247809931678,131.48647117640783,131.8621896482286,64.4305937326927,4.524388596811911,11.127401810243402,8957.695543738484,195.0171584286448,76.49508900326111,78.14170569432788,84.60316468564852,6.238519940439535e-08
4,DG_8pct,16,Z16_F06,16,LL_AB,241080,315933,True,8703.696351121098,8728.272327538927,8762.052999061065,1002.6588248602668,567.2170526144686,205.90138793457413,12.81420391221946,221.8226791329595,215.04433143171033,135.8839541063202,136.24961163830005,66.57423507089631,4.1682899917811715,10.223866409230673,9708.65416773872,206.05382917904174,82.0315689418294,82.15102224554582,91.92714366457733,6.04180940152271e-08
4,DG_8pct,16,Z16_F07,16,LL_AB,318386,283563,True,7414.6070404688,7443.598356786902,7484.09815981125,901.5648494623429,513.396337506557,187.35968715274586,14.733807537138787,212.64497505780236,203.6663671980084,129.41365196904238,130.14298982522618,63.16389166499625,4.787554050583873,11.795285884133627,8359.296747757598,187.45884855204525,73.71187678818843,75.42996724691065,79.49090782265831,6.398269119831857e-08
4,DG_8pct,16,Z16_F08,16,LL_AB,318386,283563,True,7414.6070404688,7443.598356786902,7484.09815981125,901.5648494623429,513.396337506557,187.35968715274586,14.733807537138787,212.64497505780236,203.6663671980084,129.41365196904238,130.14298982522618,63.16389166499625,4.787554050583873,11.795285884133627,8359.296747757598,187.45884855204525,73.71187678818843,75.42996724691065,79.49090782265831,6.398269119831857e-08
4,DG_8pct,16,Z16_F09,16,3PH,318386,283563,True,8191.674276569995,8215.79832111593,8238.27396015988,198.9612595800787,128.6666678391264,45.87597637913494,4.533836552441149,69.83232360473288,70.8390370281806,46.71442700853931,47.037292692545755,22.728986421849672,1.435801433439756,3.597393272170725,8460.55430490125,46.41566376159113,19.17386409987376,20.168427581482174,15.189378365514719,2.1976599084822283e-08
4,DG_8pct,16,Z16_F10,16,3PH,282086,283565,True,8075.889130014842,8100.484755410586,8123.538220601124,206.63209000784477,133.62763185633895,47.64614216672096,4.708740495901932,72.52600909747625,73.57171870752843,48.516426084010625,48.851740607612975,23.605754194594333,1.4911910626890903,3.7361716775379104,8352.718422336182,48.20663511306836,19.91343359218963,20.946384267217976,15.775604818005123,2.2837597047105375e-08
4,DG_8pct,16,Z16_F11,16,3PH,282086,283565,True,8075.889130014842,8100.484755410586,8123.538220601124,206.63209000784477,133.62763185633895,47.64614216672096,4.708740495901932,72.52600909747625,73.57171870752843,48.516426084010625,48.851740607612975,23.605754194594333,1.4911910626890903,3.7361716775379104,8352.718422336182,48.20663511306836,19.91343359218963,20.946384267217976,15.775604818005123,2.2837597047105375e-08
4,DG_8pct,16,Z16_F12,16,3PH,282088,283565,True,8075.889130014842,8100.484755410586,8123.538220601124,206.63209000784477,133.62763185633895,47.64614216672096,4.708740495901932,72.52600909747625,73.57171870752843,48.516426084010625,48.851740607612975,23.605754194594333,1.4911910626890903,3.7361716775379104,8352.718422336182,48.20663511306836,19.91343359218963,20.946384267217976,15.775604818005123,2.2837597047105375e-08
4,DG_8pct,16,Z17_F01,17,SLG_A,175043,181977,True,4142.5277776015855,4169.3803978194765,4223.71937580473,4535.609339294,4876.968321213041,5500.30264990757,15.481333196932008,506.5318998977695,533.3233651778575,335.61947544183556,336.47334615207615,164.98894511719683,4.81814963637876,15.09048435019287,22.18678772221489,5499.972272043127,198.7350187890381,201.52339062484415,188.12861590581545,7.5597102972021e-08
4,DG_8pct,16,Z17_F02,17,SLG_A,175044,181977,True,4142.5277776015855,4169.3803978194765,4223.71937580473,4535.609339294,4876.968321213041,5500.30264990757,15.481333196932008,506.5318998977695,533.3233651778575,335.61947544183556,336.47334615207615,164.98894511719683,4.81814963637876,15.09048435019287,22.18678772221489,5499.972272043127,198.7350187890381,201.52339062484415,188.12861590581545,7.5597102972021e-08
4,DG_8pct,16,Z17_F03,17,SLG_A,175044,181977,True,4142.5277776015855,4169.3803978194765,4223.71937580473,4535.609339294,4876.968321213041,5500.30264990757,15.481333196932008,506.5318998977695,533.3233651778575,335.61947544183556,336.47334615207615,164.98894511719683,4.81814963637876,15.09048435019287,22.18678772221489,5499.972272043127,198.7350187890381,201.52339062484415,188.12861590581545,7.5597102972021e-08
4,DG_8pct,16,Z17_F04,17,SLG_A,175047,181974,True,4067.6525238170207,4094.621907448021,4148.646753912119,4456.226464093872,4793.1896807214225,5407.521249189423,15.582477410509957,499.49822180140643,526.3672722400664,331.2674467668398,332.11814915880296,162.8667956335277,4.851389336615084,15.129758589721826,22.242661491339344,5407.1456768500775,195.9212621383315,198.67176391150596,185.5101620655768,7.545323421436054e-08
4,DG_8pct,16,Z17_F05,17,LL_AB,175043,181977,True,4922.741292259406,4938.492183302271,4964.13892895708,5085.077338385324,5254.680669914257,5605.686827467951,10.767559327529415,382.5966117922833,381.26277532999364,238.24489279260132,238.49106258714795,116.39194814160548,3.496297494589512,12.790132115724898,19.250804005630414,5605.531795709427,166.25855126376914,164.79917445857728,175.89848530169672,6.192075047220694e-08
4,DG_8pct,16,Z17_F06,17,LL_AB,175043,181977,True,4922.741292259406,4938.492183302271,4964.13892895708,5085.077338385324,5254.680669914257,5605.686827467951,10.767559327529415,382.5966117922833,381.26277532999364,238.24489279260132,238.49106258714795,116.39194814160548,3.496297494589512,12.790132115724898,19.250804005630414,5605.531795709427,166.25855126376914,164.79917445857728,175.89848530169672,6.192075047220694e-08
4,DG_8pct,16,Z17_F07,17,LL_AB,175044,181977,True,4922.741292259406,4938.492183302271,4964.13892895708,5085.077338385324,5254.680669914257,5605.686827467951,10.767559327529415,382.5966117922833,381.26277532999364,238.24489279260132,238.49106258714795,116.39194814160548,3.496297494589512,12.790132115724898,19.250804005630414,5605.531795709427,166.25855126376914,164.79917445857728,175.89848530169672,6.192075047220694e-08
4,DG_8pct,16,Z17_F08,17,LL_AB,175044,181977,True,4922.741292259406,4938.492183302271,4964.13892895708,5085.077338385324,5254.680669914257,5605.686827467951,10.767559327529415,382.5966117922833,381.26277532999364,238.24489279260132,238.49106258714795,116.39194814160548,3.496297494589512,12.790132115724898,19.250804005630414,5605.531795709427,166.25855126376914,164.79917445857728,175.89848530169672,6.192075047220694e-08
4,DG_8pct,16,Z17_F09,17,3PH,175044,181977,True,5187.578723360753,5219.82850969466,5253.164582671747,5341.276243367807,5416.761005873653,5439.158471135735,1.6978515795456797,26.110765626152716,26.46462583717591,17.45904828734162,17.580441016199003,8.494494133268145,0.537681247836722,6.987066749261603,10.372983952041736,5439.033697768972,7.19656311129709,7.5665686567939,5.6365647459469495,8.221680788472083e-09
4,DG_8pct,16,Z17_F10,17,3PH,175043,181977,True,5187.578723360753,5219.82850969466,5253.164582671747,5341.276243367807,5416.761005873653,5439.158471135735,1.6978515795456797,26.110765626152716,26.46462583717591,17.45904828734162,17.580441016199003,8.494494133268145,0.537681247836722,6.987066749261603,10.372983952041736,5439.033697768972,7.19656311129709,7.5665686567939,5.6365647459469495,8.221680788472083e-09
4,DG_8pct,16,Z17_F11,17,3PH,175047,181974,True,5117.82922260254,5150.415905760459,5184.160461584343,5273.611924652865,5350.5998494312,5375.453834794419,1.8874899452564589,29.031250258666503,29.42528225406869,19.411944576877655,19.546885411780305,9.444660218975143,0.5977367114012053,7.144324061197748,10.612210202152811,5375.293233760121,7.999051109435302,8.410487610169355,6.268389788891449,9.133629783543606e-09
4,DG_8pct,16,Z17_F12,17,3PH,175044,181977,True,5187.578723360753,5219.82850969466,5253.164582671747,5341.276243367807,5416.761005873653,5439.158471135735,1.6978515795456797,26.110765626152716,26.46462583717591,17.45904828734162,17.580441016199003,8.494494133268145,0.537681247836722,6.987066749261603,10.372983952041736,5439.033697768972,7.19656311129709,7.5665686567939,5.6365647459469495,8.221680788472083e-09
4,DG_8pct,16,Z18_F01,18,SLG_A,174956,181890,True,3174.334572757005,3190.0776570903217,3224.4815044417132,3408.7204894868228,3626.919879197536,366.16218037736616,15.819244877869902,522.9478341558126,550.0154002535352,346.2177898512069,347.06108218649416,170.09808766452406,4.972660460454071,15.13557941838295,22.26433271411589,366.0758579392831,4348.086856771377,323.2433267156266,193.75387787831278,7.725654965209822e-08
4,DG_8pct,16,Z18_F02,18,SLG_A,174952,181886,True,3207.046626082025,3222.771121713244,3257.274149064892,3442.8072486233896,3662.2199923806265,368.3677207876686,15.820129427624297,526.4144644400469,553.448822039295,348.36463021733755,349.20930519622533,171.1439648391191,4.97292951791858,15.114343005087324,22.23427742666938,368.2833079379549,4388.114033967591,325.68116719553353,195.04407042015387,7.73663956043285e-08
4,DG_8pct,16,Z18_F03,18,SLG_A,255381,255322,True,3304.651936084806,3319.819451149887,3354.1963327212634,3542.79662737506,3765.414210096218,376.45510845925537,15.873755375460904,539.3950383434776,566.1236320615022,356.3320195702806,357.1863711892134,175.02754981546943,4.991658303571957,15.033786421421233,22.12076651052796,376.3802000681592,4506.410786860626,321.62455310325697,199.52955738940034,7.740668318592829e-08
4,DG_8pct,16,Z18_F04,18,SLG_A,174956,181890,True,3174.334572757005,3190.0776570903217,3224.4815044417132,3408.7204894868228,3626.919879197536,366.16218037736616,15.819244877869902,522.9478341558126,550.0154002535352,346.2177898512069,347.06108218649416,170.09808766452406,4.972660460454071,15.13557941838295,22.26433271411589,366.0758579392831,4348.086856771377,323.2433267156266,193.75387787831278,7.725654965209822e-08
4,DG_8pct,16,Z18_F05,18,LL_AB,174956,181890,True,4123.464881550063,4125.782930612545,4132.362352773126,4151.847877508796,4216.0224790016655,261.0767040739066,13.452132026562124,387.57323731125706,383.69398592376257,240.54907578126247,240.9239868714792,117.51838914681626,4.227061765091303,14.230943793672324,21.32179649491065,261.30170923800296,4548.268675965867,278.32750803149287,176.3201013418456,6.743886942073412e-08
4,DG_8pct,16,Z18_F06,18,LL_AB,174956,181890,True,4123.464881550063,4125.782930612545,4132.362352773126,4151.847877508796,4216.0224790016655,261.0767040739066,13.452132026562124,387.57323731125706,383.69398592376257,240.54907578126247,240.9239868714792,117.51838914681626,4.227061765091303,14.230943793672324,21.32179649491065,261.30170923800296,4548.268675965867,278.32750803149287,176.3201013418456,6.743886942073412e-08
4,DG_8pct,16,Z18_F07,18,LL_AB,174956,181890,True,4123.464881550063,4125.782930612545,4132.362352773126,4151.847877508796,4216.0224790016655,261.0767040739066,13.452132026562124,387.57323731125706,383.69398592376257,240.54907578126247,240.9239868714792,117.51838914681626,4.227061765091303,14.230943793672324,21.32179649491065,261.30170923800296,4548.268675965867,278.32750803149287,176.3201013418456,6.743886942073412e-08
4,DG_8pct,16,Z18_F08,18,LL_AB,174956,181890,True,4123.464881550063,4125.782930612545,4132.362352773126,4151.847877508796,4216.0224790016655,261.0767040739066,13.452132026562124,387.57323731125706,383.69398592376257,240.54907578126247,240.9239868714792,117.51838914681626,4.227061765091303,14.230943793672324,21.32179649491065,261.30170923800296,4548.268675965867,278.32750803149287,176.3201013418456,6.743886942073412e-08
4,DG_8pct,16,Z18_F09,18,3PH,255381,255322,True,4440.695927845449,4464.812998093141,4490.544797060678,4551.342961550758,4609.736771146308,36.51296258870596,2.802303501531319,32.828679449172846,33.29061862699224,21.9562540193467,22.108298377903285,10.682740258152583,0.6746637886229202,8.023988899005127,11.922093467321986,36.91438030017721,4626.876738964475,0.004761768202790877,7.120698674221629,1.0321435074176604e-08
4,DG_8pct,16,Z18_F10,18,3PH,174951,181886,True,4327.667862991306,4352.819289207637,4379.726792054555,4444.468787324347,4506.9570255881645,39.086709453358914,3.0862535359874395,37.57438382352333,38.1045970264097,25.130929880113992,25.304929580109242,12.22738159731731,0.7721989231691145,8.308401743758987,12.345033870973605,39.53788126368307,4532.245862561942,0.004661197245485764,8.152474183974517,1.1823654996547472e-08
4,DG_8pct,16,Z18_F11,18,3PH,174950,181884,True,4374.853242642361,4399.576368042658,4425.9965741510605,4489.127089323853,4549.914286120903,37.99203358459043,2.965403120256576,35.55146167936933,36.05260000270382,23.77769682575194,23.94233777513265,11.568965037753099,0.7306242878252929,8.189835883847849,12.168723451315099,38.422215440459695,4571.814734482109,0.004703236297560441,7.712700996644433,1.1173003635667396e-08
4,DG_8pct,16,Z18_F12,18,3PH,174951,181886,True,4327.667862991306,4352.819289207637,4379.726792054555,4444.468787324347,4506.9570255881645,39.086709453358914,3.0862535359874395,37.57438382352333,38.1045970264097,25.130929880113992,25.304929580109242,12.22738159731731,0.7721989231691145,8.308401743758987,12.345033870973605,39.53788126368307,4532.245862561942,0.004661197245485764,8.152474183974517,1.1823654996547472e-08
4,DG_8pct,16,Z19_F01,19,SLG_A,174953,181888,True,3086.7006709262887,3103.0448111734945,3137.6344635786795,3319.1768538655283,3534.5032157453466,358.3447670378751,15.981621866111343,510.3801081017296,537.7600191039668,338.5098185343275,339.3431600082466,166.3401396100222,4.954997561411755,15.21012799020586,22.36929689954326,358.24896625480295,4241.527979117254,4240.180927517514,189.46503168237348,7.711986790962537e-08
4,DG_8pct,16,Z19_F02,19,SLG_A,174957,181887,True,2988.3373563089763,3004.5846869803213,3038.592381115496,3214.509906624371,3424.5334867994643,349.9532410397808,16.136314753559322,497.1001724047529,524.5199572441661,330.15210305709996,330.98230285188697,162.21512627415052,5.002734303862583,15.267430455271132,22.450462534007148,349.85104186410956,4111.6618222413035,4110.174094619317,184.47492624047283,7.702847226282384e-08
4,DG_8pct,16,Z19_F03,19,SLG_A,174960,181896,True,2723.9455542307164,2739.7463642175285,2772.3502307435106,2936.0395570439755,3135.183396388368,331.3554170617107,16.552341687002507,467.9003994887312,495.309276682864,311.51279871063474,312.33868880475444,153.11723545894213,5.143024254200554,15.419311175125474,22.665835780040762,331.2409669648624,3779.5588016002944,3777.68474837404,173.7841067065925,7.674189631527042e-08
4,DG_8pct,16,Z19_F04,19,SLG_A,174955,181887,True,2988.3373563089763,3004.5846869803213,3038.592381115496,3214.509906624371,3424.5334867994643,349.9532410397808,16.136314753559322,497.1001724047529,524.5199572441661,330.15210305709996,330.98230285188697,162.21512627415052,5.002734303862583,15.267430455271132,22.450462534007148,349.85104186410956,4111.6618222413035,4110.174094619317,184.47492624047283,7.702847226282384e-08
4,DG_8pct,16,Z19_F05,19,LL_AB,174958,181895,True,3706.68702619057,3709.362964747118,3715.3358020580376,3724.918959659259,3779.4638425954217,237.72989079157207,14.776427289684776,351.28715494877395,349.1967514755341,219.59316658851677,220.0413632069067,107.36273795820436,4.673527578262533,14.893500669385853,21.97949752675818,237.92340582047203,4050.905339321871,4050.821127238186,151.93009075715742,6.869808603406606e-08
4,DG_8pct,16,Z19_F06,19,LL_AB,174957,181887,True,3931.2923040164624,3934.456880576855,3941.4924145483315,3959.1536085017,4021.4329054687623,251.21436653959628,13.94275147312579,371.7415730531107,368.96608743495807,231.57866617920152,231.98111791141122,113.17847435067422,4.39208223203262,14.487692493692222,21.413694493458426,251.4222220602804,4330.843928565167,4331.00310727458,165.2974786884544,6.77244321208182e-08
4,DG_8pct,16,Z19_F07,19,LL_AB,174957,181887,True,3931.2923040164624,3934.456880576855,3941.4924145483315,3959.1536085017,4021.4329054687623,251.21436653959628,13.94275147312579,371.7415730531107,368.96608743495807,231.57866617920152,231.98111791141122,113.17847435067422,4.39208223203262,14.487692493692222,21.413694493458426,251.4222220602804,4330.843928565167,4331.00310727458,165.2974786884544,6.77244321208182e-08
4,DG_8pct,16,Z19_F08,19,LL_AB,174960,181896,True,3699.788211281981,3702.3622210648628,3708.2114371239154,3717.223402861849,3771.234615135346,237.16682584431447,14.807784376981163,350.4950253041303,348.38454316962145,219.10380410345533,219.55431799468735,107.12506709035449,4.6840836982473615,14.907061360759482,21.998413019833446,237.36031531779284,4040.9007728245238,4040.8115007387732,151.46971029252774,6.881563631551584e-08
4,DG_8pct,16,Z19_F09,19,3PH,174960,181896,True,3824.7078093161044,3852.566214348109,3882.7824684632196,3957.937959059006,4033.244713604075,52.00343624126394,4.474635892235323,60.44380265920478,61.30318557718028,40.42870601922225,40.708388501706224,19.670541028302345,1.2418287157868113,9.491025677958271,14.103868697129725,52.61769696329359,4087.5675010529994,4087.020611662248,13.127301728712602,1.89739624336308e-08
4,DG_8pct,16,Z19_F10,19,3PH,174948,181891,True,4044.003820600107,4071.0435660399785,4100.182636063712,4172.030558691725,4242.823727293048,46.2174573616736,3.859176692094924,50.38845062046559,51.1028053849856,33.70249427686458,33.93573057342545,16.39788676812763,1.0353889944937817,8.991438767938657,13.360822149239713,46.76382926695071,4285.805347883581,4285.488655418663,10.939120117391706,1.5836762016089727e-08
4,DG_8pct,16,Z19_F11,19,3PH,174959,181894,True,3899.7885007977384,3927.427730202945,3957.3367701375523,4031.5646909277652,4105.503662086473,50.0105314820365,4.263519327026699,57.00691584651142,57.81668599951451,38.12969256240994,38.39350098229085,18.551950176044084,1.17126640297534,9.3225835248026,13.853337030424148,50.60141170593576,4156.152566557524,4155.683259726368,12.379310894116639,1.7930364910122713e-08
4,DG_8pct,16,Z19_F12,19,3PH,174954,181885,True,4089.6803633288046,4116.521281877227,4145.407943156856,4216.477735879564,4286.234039875254,45.02461007318364,3.7316846478380015,48.296332953969305,48.980547122351055,32.30305443631021,32.52662669433732,15.716986301179121,0.9924413470809459,8.88600751920686,13.204009530826525,45.55698355621916,4326.770863316163,4326.502645507591,10.483899152941383,1.5168349228207292e-08
4,DG_8pct,16,Z20_F01,20,SLG_A,175052,181987,True,3250.913109044885,3273.977401379702,3316.5717440169637,3532.980520711968,3778.512127267944,372.7588902706795,16.221980922823608,553.4345487055475,584.0150467511656,366.1651490044583,366.92001703614955,179.6956031526767,5.0201836692834165,15.364092758344123,22.581198841194027,372.64146320696295,211.52344056040016,214.1241187445779,4596.000156304246,7.667172691636116e-08
4,DG_8pct,16,Z20_F02,20,SLG_A,175059,181992,True,3194.699613409762,3217.6111027340653,3259.8194797453457,3473.1170159897097,3715.757479240857,368.4937085401191,16.290734634009006,546.5329230390013,577.0891699896573,361.7696534271377,362.5240130778176,177.55059101863168,5.043302630703173,15.387746019002678,22.614975625924703,368.37402548480054,208.90662604031746,211.4852522798689,4522.568620728448,7.675236632353725e-08
4,DG_8pct,16,Z20_F03,20,SLG_A,175057,181989,True,3220.302679476605,3243.2390382150334,3285.5679193860797,3500.0359361087035,3743.771006809224,370.3491850819285,16.255652946228544,549.5476480716345,580.098043778885,363.69198491181163,364.4470203450663,178.48925891412833,5.0314899934593,15.375156266481476,22.59705787350823,370.2306734551936,210.01944806598414,212.6098235837036,4554.866354621157,7.671370465715481e-08
4,DG_8pct,16,Z20_F04,20,SLG_A,175057,181989,True,3220.302679476605,3243.2390382150334,3285.5679193860797,3500.0359361087035,3743.771006809224,370.3491850819285,16.255652946228544,549.5476480716345,580.098043778885,363.69198491181163,364.4470203450663,178.48925891412833,5.0314899934593,15.375156266481476,22.59705787350823,370.2306734551936,210.01944806598414,212.6098235837036,4554.866354621157,7.671370465715481e-08
4,DG_8pct,16,Z20_F05,20,LL_AB,175058,181992,True,4037.5756177355543,4047.785320561873,4062.8848243463344,4114.064738834829,4208.797940720822,280.1835833775266,12.854674510304786,433.2912702050401,434.8646108790891,271.5873876570259,271.85841900189723,132.64029913773138,3.9763743380827963,14.108486526708349,21.13800955869392,280.3607445698856,167.9865085740211,168.76578042338107,4628.0147645650495,6.684999710389796e-08
4,DG_8pct,16,Z20_F06,20,LL_AB,175055,181986,True,4588.079159636545,4596.594205564303,4611.861013070464,4677.284337482707,4787.704376558444,319.4509987131763,11.036411181963052,494.29103078755,497.563700274493,307.64045077843235,307.7995295899648,150.0963868608688,3.35849854111587,13.172067950887357,19.779682182519263,319.0318449998675,209.5437790314145,208.15444370429614,5309.334863938109,6.537642870231109e-08
4,DG_8pct,16,Z20_F07,20,LL_AB,175057,181989,True,4058.465072042486,4068.7583286175964,4084.021786846795,4136.342184756623,4232.211456703963,281.8927441021246,12.761734501057898,436.0480767395532,437.63016707040214,273.26850292346603,273.53396552571417,133.45674637615255,3.944603218037255,14.064761886023987,21.074228791257124,282.07068724018114,169.56552824429923,170.0326047517464,4656.622472075058,6.684999710389796e-08
4,DG_8pct,16,Z20_F08,20,LL_AB,175057,181989,True,4058.465072042486,4068.7583286175964,4084.021786846795,4136.342184756623,4232.211456703963,281.8927441021246,12.761734501057898,436.0480767395532,437.63016707040214,273.26850292346603,273.53396552571417,133.45674637615255,3.944603218037255,14.064761886023987,21.074228791257124,282.07068724018114,169.56552824429923,170.0326047517464,4656.622472075058,6.684999710389796e-08
4,DG_8pct,16,Z20_F09,20,3PH,175059,181992,True,4214.732286095534,4246.454545463707,4280.195696228732,4368.256983736479,4450.572880055507,41.73576786708984,3.4661456402404762,42.78558306796914,43.38144937632695,28.614303195912274,28.81275032631175,13.922117335165261,0.8801966974655842,8.86179019362576,13.167417227768537,42.23008554730977,12.436907720114759,13.079112062138133,4509.060337378854,1.3434354324211307e-08
4,DG_8pct,16,Z20_F10,20,3PH,175055,181986,True,4813.300412814102,4840.609552122151,4869.245443256269,4940.518894519744,5004.6806004913415,25.72132143948178,1.701597199335076,13.006460083357041,13.186525951270118,8.698542022610965,8.758948756626417,4.2322072073937065,0.2678180551416382,7.385881707897762,10.972223598942914,25.967966219240044,4.387072443287026,4.613162142323154,5022.202672825202,4.097859764449743e-09
4,DG_8pct,16,Z20_F11,20,3PH,175059,181992,True,4214.732286095534,4246.454545463707,4280.195696228732,4368.256983736479,4450.572880055507,41.73576786708984,3.4661456402404762,42.78558306796914,43.38144937632695,28.614303195912274,28.81275032631175,13.922117335165261,0.8801966974655842,8.86179019362576,13.167417227768537,42.23008554730977,12.436907720114759,13.079112062138133,4509.060337378854,1.3434354324211307e-08
4,DG_8pct,16,Z20_F12,20,3PH,175055,181986,True,4813.300412814102,4840.609552122151,4869.245443256269,4940.518894519744,5004.6806004913415,25.72132143948178,1.701597199335076,13.006460083357041,13.186525951270118,8.698542022610965,8.758948756626417,4.2322072073937065,0.2678180551416382,7.385881707897762,10.972223598942914,25.967966219240044,4.387072443287026,4.613162142323154,5022.202672825202,4.097859764449743e-09
